specification,6.32021184289633
hardware,6.152989081501718
global,5.541906853996077
users,5.346162276869982
licenses,5.318763302681868
web,5.318763302681868
peer,5.254224781544297
bruce,5.231751925692238
implement,5.231751925692238
digital,5.169231568710904
innovation,5.136441745887913
protocol,5.067448874400961
definition,5.013381653130685
implementation,5.00291035326339
trademark,4.9933409022472395
licensing,4.9933409022472395
certification,4.9933409022472395
architecture,4.979256162365501
accessible,4.962088358743135
documentation,4.913298194573703
user,4.913298194573703
definitions,4.913298194573703
lab,4.913298194573703
interface,4.913298194573703
eric,4.913298194573703
programming,4.862004900186153
foss,4.826286817584074
platforms,4.750779265075928
computer,4.7462441099105375
portal,4.730976637779749
commons,4.705658829795459
standards,4.699402292181154
specifications,4.697075086104067
expertise,4.625616122121922
defines,4.625616122121922
source,4.622063720517555
royalty,4.57682595795249
consensus,4.57682595795249
license,4.558605411838962
format,4.548655080985794
modular,4.538604745132292
printer,4.507833086465539
zealand,4.507833086465539
promotes,4.443294565327967
drafting,4.443294565327967
2d,4.443294565327967
standard,4.387205098676924
licensed,4.374301693841016
kernel,4.374301693841016
open,4.30742441118044
technology,4.287592294809291
unrestricted,4.220151014013758
document,4.220151014013758
documented,4.220151014013758
computers,4.220151014013758
collaboration,4.177591399594962
customer,4.14318997287763
adoption,4.124840834209433
framework,4.124840834209433
virtual,4.114790498355932
manufacturing,4.11015011879943
joshua,4.086619621389235
patents,4.048300757087099
cores,4.037829457219804
socioeconomic,4.037829457219804
prototype,4.037829457219804
publish,4.037829457219804
distribute,4.037829457219804
non-profit,4.037829457219804
coined,4.037829457219804
participants,3.97898895719687
criteria,3.9623219047116582
challenges,3.932468941561977
contributors,3.932468941561977
collectively,3.932468941561977
extensions,3.932468941561977
design,3.878401720291701
europe's,3.8146859059055935
ab,3.8146859059055935
packages,3.8146859059055935
gateway,3.8146859059055935
access,3.8146859059055935
paradigm,3.8146859059055935
emergence,3.8146859059055935
decree,3.8146859059055935
geometry,3.8146859059055935
patented,3.8146859059055935
quotes,3.7501473847680225
danish,3.7501473847680225
feedback,3.7501473847680225
code,3.734643198232057
network,3.709325390247767
template,3.709325390247767
bazaar,3.660535226078335
foundation,3.6506177894209895
networks,3.644786869110196
enables,3.632364349111639
standardized,3.5270038334538127
bug,3.5270038334538127
freedoms,3.5270038334538127
interfaces,3.5270038334538127
fulfilling,3.5270038334538127
designers,3.5270038334538127
ptc,3.5270038334538127
implementing,3.5270038334538127
citation,3.5270038334538127
repository,3.5270038334538127
cellular,3.5270038334538127
monitor,3.5270038334538127
applications,3.5270038334538127
embedded,3.5270038334538127
automation,3.5270038334538127
modification,3.5270038334538127
bugs,3.5270038334538127
pragmatic,3.5270038334538127
ibm,3.5270038334538127
inclusive,3.5270038334538127
participant,3.5270038334538127
offerings,3.5270038334538127
designs,3.4906361892829376
transparent,3.4469611257802764
patent,3.4373916747641253
designing,3.409220797797429
fee,3.39347244082929
links,3.3728531536265542
initiative,3.357104796658415
layout,3.344682276659858
raymond,3.332847819012855
computing,3.3263331379916616
defining,3.3038602821396026
facilitate,3.3038602821396026
franchise,3.3038602821396026
premiere,3.3038602821396026
forum,3.3038602821396026
mindful,3.3038602821396026
enhanced,3.3038602821396026
tools,3.2964801748419803
publicly,3.2756894051729066
relies,3.239321761002032
simon,3.239321761002032
cutter,3.239321761002032
encompass,3.239321761002032
submission,3.239321761002032
circuits,3.239321761002032
internationally,3.239321761002032
occupancy,3.239321761002032
projects,3.2195191337058517
project,3.2139120454766634
integrated,3.208550102335278
approved,3.20542020932635
phones,3.1905315968326
model,3.172182458164403
free,3.1686728030201006
expressly,3.121538725345648
chips,3.121538725345648
excessively,3.121538725345648
compliance,3.121538725345648
modify,3.121538725345648
explicitly,3.121538725345648
opus,3.121538725345648
feasibility,3.121538725345648
affirmed,3.121538725345648
devastated,3.121538725345648
controllers,3.121538725345648
mid,3.121538725345648
ineffective,3.121538725345648
cloak,3.121538725345648
hoc,3.121538725345648
communicator,3.121538725345648
variability,3.121538725345648
typed,3.121538725345648
translations,3.121538725345648
drafts,3.121538725345648
graphic,3.121538725345648
administer,3.121538725345648
interchange,3.121538725345648
matt,3.121538725345648
consumers,3.121538725345648
fairness,3.121538725345648
humanitarian,3.121538725345648
contested,3.121538725345648
footnote,3.121538725345648
domains,3.121538725345648
updated,3.121538725345648
kernels,3.121538725345648
term,3.089381613711117
adopted,3.087637173669967
usage,3.0851710811747735
defined,3.082318012192367
organizations,3.0796916154101477
freely,3.075018709710755
cathedral,3.057000204208077
fabrication,3.057000204208077
availability,3.0474307531919265
printing,3.0345273483560185
enable,3.0305669471399215
alliance,3.0161782096878222
comply,3.0161782096878222
clarification,3.0161782096878222
spatial,3.0161782096878222
impractical,3.0161782096878222
outputs,3.0161782096878222
transaction,3.0161782096878222
engagement,3.0009107375570334
appropriate,2.9963755823916425
geometric,2.9963755823916425
capture,2.9963755823916425
ken,2.9880073327211254
documents,2.9804601270857427
customers,2.9736185952690257
drawings,2.96738804551839
serial,2.9673880455183896
versions,2.9392171685516937
versus,2.9392171685516937
principles,2.9278856025421436
examples,2.924007749888165
nominal,2.920868029883497
engineering,2.9172382618329182
released,2.907964625047589
media,2.907964625047589
create,2.9053156168760124
processes,2.885149947281418
sharing,2.876416267312663
developing,2.8715969808767143
participation,2.857954204472928
models,2.8549100620916996
identifies,2.8338566528938673
modifications,2.8338566528938673
clauses,2.8338566528938673
um,2.8338566528938673
stance,2.8338566528938673
completeness,2.8338566528938673
processor,2.8338566528938673
supplier,2.8338566528938673
researchers,2.8338566528938673
publishes,2.8338566528938673
overlap,2.8338566528938673
preclude,2.8338566528938673
endorsed,2.8338566528938673
restriction,2.8338566528938673
aerospace,2.8338566528938673
conceptual,2.8338566528938673
breach,2.8338566528938673
respectful,2.8338566528938673
denmark,2.8338566528938673
turbine,2.8338566528938673
striving,2.8338566528938673
java,2.8338566528938673
revision,2.8338566528938673
milestone,2.8338566528938673
launch,2.8338566528938673
specifies,2.8338566528938673
disks,2.8338566528938673
ensure,2.8338566528938673
merged,2.8338566528938673
environments,2.8338566528938673
distributors,2.8338566528938673
architects,2.8338566528938673
drives,2.8338566528938673
replaces,2.8338566528938673
architectural,2.8338566528938673
electronics,2.8338566528938673
low-cost,2.8338566528938673
submitting,2.8338566528938673
redundant,2.8338566528938673
inappropriate,2.8338566528938673
automotive,2.8338566528938673
manuals,2.8338566528938673
innovations,2.8338566528938673
performs,2.8338566528938673
components,2.8155075142256707
requirement,2.7961163249110204
process,2.7921839564932993
authors,2.7894048903230333
exercises,2.7894048903230333
shared,2.7825633585063168
multiple,2.7766982390539185
implied,2.7732320310774323
modified,2.753813945220331
promoting,2.753813945220331
commercial,2.748334479455705
parties,2.745303255552422
spaces,2.7385464730895426
fixing,2.7385464730895426
michael,2.7385464730895426
adopting,2.7385464730895426
contributions,2.7246573609288753
resource,2.716073617237484
centralized,2.716073617237484
define,2.716073617237484
voluntarily,2.716073617237484
adherence,2.716073617237484
distributed,2.716073617237484
employs,2.716073617237484
production,2.704178829585335
compatible,2.7003252602693446
contribution,2.6886746430493695
jointly,2.679705973066609
violate,2.679705973066609
certified,2.679705973066609
restrictive,2.679705973066609
african,2.679705973066609
experimenting,2.679705973066609
vector,2.6620063959672082
markets,2.657965986430203
installation,2.651535096099913
maker,2.651535096099913
maintained,2.651535096099913
solutions,2.644614653255339
development,2.643116525634317
creation,2.642801416131158
logic,2.6397006384529096
selection,2.6360309095639476
ratification,2.6107131015796576
wherein,2.6107131015796576
certify,2.6107131015796576
emerging,2.6107131015796576
universal,2.6107131015796576
calculations,2.6107131015796576
drafted,2.6107131015796576
enforcing,2.6107131015796576
permissive,2.6107131015796576
accounted,2.6107131015796576
lush,2.6107131015796576
argues,2.6107131015796576
legally,2.6107131015796576
buyers,2.6107131015796576
brian,2.6107131015796576
enhance,2.6107131015796576
distinguishes,2.6107131015796576
encourages,2.6107131015796576
needing,2.6107131015796576
guarded,2.6107131015796576
fearing,2.6107131015796576
developer,2.6107131015796576
ranking,2.6107131015796576
viable,2.6107131015796576
intentional,2.6107131015796576
relevance,2.6107131015796576
grouped,2.6107131015796576
holders,2.6107131015796576
competitors,2.6107131015796576
homeland,2.6107131015796576
committing,2.6107131015796576
firm,2.5968560669182312
communities,2.586020488989286
applicable,2.5825422246129612
refers,2.5825422246129612
products,2.5825422246129612
communicate,2.5714923884263765
sector,2.5714923884263765
adapted,2.5714923884263765
files,2.5714923884263765
enabling,2.5714923884263765
creating,2.5576032762657093
duplication,2.5461745804420866
typically,2.5461745804420866
parameters,2.5461745804420866
identified,2.5315757810209334
corporate,2.5284750033426855
allows,2.5284750033426855
yes,2.527482447429934
product,2.5268316175989556
generated,2.515402921775333
participate,2.515402921775333
ambiguity,2.515402921775333
version,2.501150899068131
enterprises,2.4973844162726544
movement,2.481636059304515
organization,2.481636059304515
founded,2.477181708955135
ultimately,2.470951159204499
context,2.456562421752399
joint,2.428391544785703
domain,2.428391544785703
focusing,2.428391544785703
spanish,2.428391544785703
proponents,2.428391544785703
publisher,2.428391544785703
universally,2.428391544785703
selecting,2.428391544785703
zero,2.428391544785703
occupants,2.428391544785703
comparisons,2.428391544785703
singly,2.428391544785703
debates,2.428391544785703
manual,2.428391544785703
schemes,2.428391544785703
sutherland,2.428391544785703
designer,2.428391544785703
outlined,2.428391544785703
accepts,2.428391544785703
lacks,2.428391544785703
mandatory,2.428391544785703
demonstrates,2.428391544785703
pipeline,2.428391544785703
competing,2.428391544785703
larry,2.428391544785703
experimented,2.428391544785703
monetary,2.428391544785703
responding,2.428391544785703
practitioners,2.428391544785703
topic,2.428391544785703
manufacture,2.428391544785703
scope,2.4283915447857027
european,2.4118622428344922
data,2.3990639296911827
respects,2.38187152915081
ownership,2.38187152915081
implications,2.38187152915081
testing,2.3638530236481317
link,2.3638530236481317
notably,2.3638530236481317
rights,2.3612522419480744
rely,2.3483488371121664
solids,2.3483488371121664
commitment,2.3483488371121664
incorporated,2.3483488371121664
portable,2.3483488371121664
circuit,2.337419766579976
originally,2.337419766579976
published,2.334204329726002
benefits,2.333081364981378
engineers,2.333081364981378
thesis,2.323031029127877
contributes,2.323031029127877
balloon,2.323031029127877
viewing,2.323031029127877
release,2.3139811936079586
refer,2.3106085091293194
machines,2.3106085091293194
systems,2.3047775888185265
barriers,2.303228401831697
compensation,2.303228401831697
available,2.288425499950401
cancel,2.2742408649584447
participates,2.2742408649584447
inefficient,2.2742408649584447
dynamic,2.2742408649584447
evolution,2.2742408649584447
utilities,2.2742408649584447
integrate,2.2742408649584447
concurrent,2.2742408649584447
dispersed,2.2742408649584447
equity,2.2742408649584447
immunity,2.2742408649584447
typing,2.2742408649584447
compute,2.2742408649584447
inventor,2.2742408649584447
dominates,2.2742408649584447
generate,2.2742408649584447
ted,2.2742408649584447
discriminating,2.2742408649584447
switching,2.2742408649584447
concentrating,2.2742408649584447
continuum,2.2742408649584447
environmental,2.2742408649584447
spain,2.2742408649584447
dwellings,2.2742408649584447
launched,2.2742408649584447
implying,2.2742408649584447
terms,2.261895029136145
approaches,2.254038157640925
core,2.2507103675482507
technological,2.2460699879917483
initially,2.2460699879917483
representation,2.2460699879917483
based,2.2443879018087634
fees,2.239149545147175
companies,2.239149545147175
languages,2.2360196521382467
cheaper,2.2277208493235516
intellectual,2.2277208493235516
subsequently,2.2277208493235516
coordination,2.205247993471493
ryan,2.205247993471493
intended,2.205247993471493
considers,2.205247993471493
requirements,2.1992056790155305
lists,2.1978678861738707
practices,2.195769249516949
construction,2.1920027667214725
discrimination,2.183269086752718
uses,2.157516590650303
sketch,2.140709472333922
interruption,2.140709472333922
collective,2.140709472333922
wins,2.140709472333922
reasonable,2.140709472333922
focused,2.140709472333922
supporters,2.140709472333922
article,2.140709472333922
independently,2.140709472333922
parliament,2.140709472333922
peripheral,2.140709472333922
engaging,2.140709472333922
solar,2.140709472333922
banner,2.140709472333922
loosely,2.140709472333922
contests,2.140709472333922
via,2.140709472333922
aims,2.140709472333922
electronic,2.140709472333922
flexibility,2.140709472333922
compression,2.140709472333922
practiced,2.140709472333922
removing,2.140709472333922
overall,2.140709472333922
releases,2.140709472333922
mailing,2.140709472333922
includes,2.1182366164818633
suggests,2.105618152522652
argued,2.105618152522652
tim,2.099887477813667
component,2.099887477813667
urban,2.0919193081644902
smart,2.0919193081644902
competition,2.09191930816449
interaction,2.0800848505174874
economics,2.0800848505174874
citizen,2.0717166008469703
associations,2.0717166008469703
widely,2.0606667646603856
improve,2.0606667646603856
propose,2.0606667646603856
adopt,2.0606667646603856
controversy,2.0606667646603856
guaranteed,2.0606667646603856
mix,2.0606667646603856
include,2.057712552762954
comparison,2.0536980953442923
mobile,2.045399292529597
capabilities,2.045399292529597
allowing,2.0389267780239795
drawing,2.0353489566760956
focus,2.0353489566760956
combined,2.0353489566760956
impose,2.0229264366775386
sanctions,2.0229264366775386
controller,2.0229264366775386
platform,2.0229264366775386
simplified,2.0229264366775386
guides,2.0229264366775386
periodic,2.0229264366775386
fulfill,2.0229264366775386
concepts,2.0229264366775386
reservations,2.0229264366775386
earning,2.0229264366775386
allow,2.0229264366775386
disadvantages,2.0229264366775386
committees,2.0229264366775386
charts,2.0229264366775386
karl,2.0229264366775386
compressed,2.0229264366775386
transport,2.0229264366775386
institutional,2.0229264366775386
stack,2.0229264366775386
barrier,2.0229264366775386
accord,2.0229264366775386
bodies,2.007178079709399
registered,2.000947529958763
technical,1.9976086286932486
blocks,1.9955274624894241
feature,1.9955274624894241
services,1.9937272819852763
custom,1.9865587925066637
publishing,1.9865587925066637
fix,1.9865587925066637
capability,1.9865587925066637
criticized,1.9865587925066637
using,1.9842572955183846
market,1.9800862780010462
element,1.9736553876707559
curves,1.9688592154072628
copy,1.9688592154072628
broader,1.9688592154072628
ethical,1.9514674726953938
alternative,1.9465534578929644
mechanical,1.9465534578929644
driven,1.9400387768717708
decisions,1.9359150596879087
managerial,1.9175659210197122
seeks,1.9175659210197122
miscellaneous,1.9175659210197122
producing,1.9175659210197122
dominated,1.9175659210197122
manage,1.9175659210197122
traditionally,1.9175659210197122
container,1.9175659210197122
negligible,1.9175659210197122
founder,1.9175659210197122
professionals,1.9175659210197122
objects,1.9175659210197122
applicants,1.9175659210197122
conform,1.9175659210197122
notable,1.9175659210197122
ranges,1.9175659210197122
tool,1.9175659210197122
dramatically,1.9175659210197122
features,1.9175659210197122
qualify,1.9175659210197122
placement,1.9175659210197122
rally,1.9175659210197122
sectors,1.9175659210197122
integrity,1.9175659210197122
referred,1.9175659210197122
imperative,1.9175659210197122
advancement,1.9175659210197122
consultation,1.9175659210197122
three-dimensional,1.9175659210197122
originated,1.9175659210197122
lifetime,1.9175659210197122
mouse,1.9175659210197122
layers,1.9175659210197122
tightly,1.9175659210197122
asian,1.9175659210197122
analyze,1.9175659210197122
review,1.8995474155170338
considerations,1.8847760981967214
winning,1.8847760981967214
submitted,1.8687757568502803
devices,1.8619960698649016
content,1.8592970128957365
payment,1.8592970128957365
august,1.8592970128957365
developed,1.8569412992032772
implies,1.8530273998821412
switched,1.8530273998821412
references,1.8530273998821412
linked,1.8530273998821412
founding,1.8530273998821412
government's,1.8530273998821412
sites,1.8530273998821412
requiring,1.8530273998821412
use,1.8456681818401306
environment,1.845245259440086
external,1.845245259440086
independent,1.8434579488659903
festival,1.840604879883584
relationships,1.83532782278274
specifically,1.83532782278274
wide,1.8341843120806611
voluntary,1.8222557412153872
mill,1.8222557412153872
solid,1.8222557412153872
aided,1.8222557412153872
commercially,1.8222557412153872
partial,1.8222557412153872
rendering,1.8222557412153872
develops,1.8222557412153872
streams,1.8222557412153872
motivation,1.8222557412153872
finite,1.8222557412153872
specify,1.8222557412153872
wired,1.8222557412153872
manufactured,1.8222557412153872
hub,1.8222557412153872
strategy,1.8222557412153872
interested,1.81748246246273
governments,1.8140252420788718
controlled,1.8093523363794795
traditional,1.8093523363794795
specified,1.804237235712709
february,1.7997828853633286
chip,1.7924027780657064
currently,1.7924027780657064
combine,1.7924027780657064
productivity,1.7924027780657064
bus,1.7924027780657064
application,1.7924027780657064
goals,1.7840345283951895
category,1.7778039786445534
assessment,1.7778039786445534
basis,1.7778039786445534
select,1.7778039786445534
operating,1.769145915901439
tasks,1.769145915901439
meets,1.763415241192454
involves,1.759341915804818
shift,1.759341915804818
deciding,1.7352443642257578
ad,1.7352443642257578
joel,1.7352443642257578
chris,1.7352443642257578
secure,1.7352443642257578
differ,1.7352443642257578
andrew,1.7352443642257578
promising,1.7352443642257578
quality,1.7352443642257578
passionate,1.7352443642257578
tractor,1.7352443642257578
paragraph,1.7352443642257578
specialized,1.7352443642257578
cooper,1.7352443642257578
declaration,1.7352443642257578
initiated,1.7352443642257578
incentive,1.7352443642257578
managed,1.7352443642257578
functional,1.7352443642257578
submit,1.7352443642257578
functioning,1.7352443642257578
mechanisms,1.7352443642257578
stable,1.7352443642257578
nowadays,1.7352443642257578
scale,1.7352443642257578
mathematical,1.7352443642257578
employ,1.7352443642257578
interpretations,1.7352443642257578
coincide,1.7352443642257578
proposed,1.7352443642257576
journal,1.7352443642257576
individuals,1.721451042093422
publication,1.7168952255575611
require,1.7117138668155634
rapid,1.7117138668155634
sets,1.7024545414027668
mature,1.7024545414027668
essential,1.6975040362429106
created,1.6975040362429106
flexible,1.6944223697055025
inspired,1.6944223697055025
attached,1.6944223697055025
benefit,1.6864542000563256
whereby,1.6811771429554818
directors,1.6811771429554818
industry,1.6811771429554818
tangible,1.6811771429554818
businesses,1.6811771429554818
ethics,1.6811771429554818
numerical,1.6811771429554818
consumer,1.6811771429554818
applies,1.6811771429554818
control,1.6751801234831076
promote,1.6707058430881865
language,1.668869295280885
charge,1.6674217678869965
vocabulary,1.6552016565522212
stability,1.6552016565522212
following,1.6552016565522212
card,1.6552016565522212
eliminate,1.6552016565522212
invented,1.6552016565522212
owns,1.6552016565522212
imply,1.6552016565522212
reviewed,1.6552016565522212
statutory,1.6552016565522212
null,1.6552016565522212
diverse,1.6552016565522212
consulting,1.6552016565522212
involvement,1.6552016565522212
accelerated,1.6552016565522212
ideology,1.6552016565522212
indian,1.6552016565522212
fair,1.6552016565522212
cooperation,1.6552016565522212
diversity,1.6552016565522212
buddy,1.6552016565522212
clarify,1.6552016565522212
legal,1.6482329872361279
everybody,1.6482329872361279
exist,1.6466909668843126
information,1.6458645205562814
attempted,1.6399341844214328
expanded,1.6298838485679314
alike,1.6298838485679314
input,1.6298838485679314
emphasize,1.6298838485679314
hidden,1.6298838485679314
invention,1.6298838485679314
existing,1.6298838485679312
potential,1.6248963070568925
reference,1.6248963070568925
supporting,1.6174613285693742
holder,1.6174613285693742
occurs,1.6174613285693742
designed,1.6174613285693742
associated,1.6133545466167207
property,1.612642042133425
community,1.6109466475481804
roles,1.6100812212717517
ideas,1.6086816409173283
whereas,1.6051912359775597
develop,1.6033168211832096
knowledge,1.594792528756661
cost,1.5897893913660532
building,1.5873242341491351
creative,1.5810936843984993
determines,1.5810936843984993
claimed,1.5810936843984993
missouri,1.5810936843984993
communications,1.5810936843984993
share,1.5810936843984993
mechanism,1.5810936843984993
base,1.5810936843984993
valued,1.5810936843984993
fails,1.5810936843984993
coordinated,1.5810936843984993
structured,1.5810936843984993
operator,1.5810936843984993
appealing,1.5810936843984993
complexity,1.5810936843984993
influential,1.5810936843984993
intent,1.5810936843984993
port,1.5810936843984993
follows,1.5810936843984993
fork,1.5810936843984993
generator,1.5810936843984993
increasingly,1.5810936843984993
creator,1.5810936843984993
due,1.5669090494065427
motors,1.5608909770809798
institute,1.5608909770809798
marketing,1.5575631869883053
industries,1.5529228074318029
unique,1.5460023645872292
culture,1.5460023645872292
suited,1.5345736687636065
properties,1.5345736687636065
listed,1.5345736687636065
developments,1.5345736687636065
reliable,1.5345736687636065
physics,1.5345736687636065
provides,1.5304499515797443
according,1.5298003900109487
tested,1.5255238332436887
trust,1.5216702639276984
characteristics,1.5216702639276984
execution,1.5121008129115479
apt,1.5121008129115479
widespread,1.5121008129115479
judged,1.5121008129115479
agreements,1.5121008129115479
restricted,1.5121008129115479
contributing,1.5121008129115479
text,1.5121008129115479
foster,1.5121008129115479
scholar,1.5121008129115479
joining,1.5121008129115479
rescue,1.5121008129115479
freedom,1.5081869135904113
public,1.505227933623786
management,1.501050976724963
security,1.501050976724963
processing,1.4988555861615274
encourage,1.4901219061927726
law,1.4901219061927726
dedicated,1.4901219061927726
response,1.4857835045941745
rules,1.4822478497618667
types,1.481463843449658
competitive,1.4793109900885568
contributed,1.4728800997582665
support,1.4695411984927518
italian,1.468615700971809
boards,1.468615700971809
related,1.4669803776310784
system,1.4666104867446712
device,1.4655807972766548
extended,1.4655807972766548
limit,1.4475622917739768
current,1.4475622917739768
integration,1.4475622917739768
explicit,1.4475622917739768
heated,1.4475622917739766
aspects,1.4475622917739766
efficient,1.4475622917739766
proposition,1.4475622917739766
costly,1.4475622917739766
nelson,1.4475622917739766
conformity,1.4475622917739766
historically,1.4475622917739766
depending,1.4475622917739766
van,1.4475622917739766
photographs,1.4475622917739766
thoroughly,1.4475622917739766
installations,1.4475622917739766
boundary,1.4475622917739766
criticism,1.4475622917739766
key,1.4475622917739766
satisfy,1.4475622917739766
conjunction,1.4475622917739766
transmission,1.4475622917739766
highways,1.4475622917739766
revised,1.4475622917739766
anthony,1.4475622917739766
opens,1.4475622917739766
physical,1.432963492352824
burning,1.4269430045712412
ability,1.4201633175858623
july,1.416790633107223
charter,1.416790633107223
remove,1.4124709719627067
activity,1.4124709719627067
analysis,1.4098219637911296
amateur,1.4067402972537217
fundamental,1.4067402972537217
coverage,1.4067402972537217
exhibit,1.4067402972537217
different,1.3949185582885546
stated,1.386937669957542
carroll,1.386937669957542
ada,1.386937669957542
owned,1.386937669957542
harvard,1.386937669957542
vary,1.386937669957542
codes,1.386937669957542
geneva,1.386937669957542
operators,1.386937669957542
concept,1.386937669957542
reasonably,1.386937669957542
pierre,1.386937669957542
dome,1.386937669957542
conventional,1.386937669957542
shops,1.386937669957542
performing,1.386937669957542
approval,1.386937669957542
steam,1.386937669957542
flame,1.386937669957542
significantly,1.386937669957542
brand,1.386937669957542
awards,1.386937669957542
reflecting,1.386937669957542
slowed,1.386937669957542
everyone,1.3816043239821794
including,1.3810725505051438
permit,1.3804229889363482
address,1.3804229889363482
learning,1.3785694202870251
task,1.3785694202870251
built,1.377181495012177
switch,1.3752416301943506
tend,1.3752416301943506
reaching,1.3752416301943506
build,1.3752416301943506
value,1.3641806828349257
conference,1.360550914784347
performed,1.3579501330842896
owners,1.3579501330842896
contribute,1.3522521119696518
closed,1.348471389129746
richard,1.343765498092333
factor,1.343765498092333
considered,1.3429373406951044
popular,1.3399316275816113
industrial,1.3367479254336867
produced,1.3297792561175932
editors,1.3297792561175932
undertaken,1.3297792561175932
print,1.3297792561175932
attributed,1.3297792561175932
pen,1.3297792561175932
resources,1.3297792561175932
proceedings,1.3297792561175932
suggest,1.3297792561175932
faster,1.3297792561175932
corporation,1.3297792561175932
extension,1.3297792561175932
suite,1.3297792561175932
talks,1.3297792561175932
autonomy,1.3297792561175932
informal,1.3297792561175932
risk,1.3297792561175932
overhead,1.3297792561175932
prefer,1.3297792561175932
required,1.3187294199310082
produce,1.3175091635257787
firms,1.3114301174493967
skills,1.302380281929479
consistent,1.2934116119467185
humanity,1.2934116119467185
operations,1.2934116119467185
offering,1.2934116119467185
apply,1.2934116119467185
libraries,1.2934116119467185
advantages,1.2934116119467185
official,1.2889572615973381
variety,1.2815771542997154
experts,1.2757120348473174
label,1.2757120348473174
venture,1.2757120348473174
assurance,1.2757120348473174
addressed,1.2757120348473174
hay,1.2757120348473174
commissioner,1.2757120348473174
delivery,1.2757120348473174
remainder,1.2757120348473174
distinguish,1.2757120348473174
optical,1.2757120348473174
specific,1.266978354878563
accepted,1.265240734980022
groups,1.2636394536130482
commonly,1.2583202921354484
used,1.25504160067375
policies,1.2534062773330192
leading,1.2534062773330192
neutral,1.2497365484440568
era,1.224418740459767
comments,1.224418740459767
directions,1.224418740459767
basically,1.2244187404597668
tactics,1.2244187404597668
anyone,1.2244187404597668
clothing,1.2244187404597668
prominent,1.2244187404597668
negotiations,1.2244187404597668
secrets,1.2244187404597668
example,1.217545861172005
others,1.2150874130308826
condition,1.213368904273182
file,1.2119962204612098
provided,1.2091512683289787
stages,1.2046161131635873
necessarily,1.2046161131635873
october,1.2046161131635873
display,1.1997261278693954
village,1.1962478634930704
provide,1.1962478634930704
international,1.191628917636776
reduce,1.191628917636776
involve,1.191628917636776
structures,1.191628917636776
eventually,1.1851980273064857
final,1.1851980273064855
government,1.1804018550429927
unlikely,1.175628576290335
saving,1.175628576290335
trends,1.175628576290335
tsunami,1.175628576290335
obliged,1.175628576290335
theoretical,1.175628576290335
mode,1.175628576290335
resolved,1.175628576290335
replaced,1.175628576290335
russ,1.175628576290335
forming,1.175628576290335
planet,1.175628576290335
distribution,1.163794118643332
maintenance,1.1598802193221958
transition,1.1598802193221958
discussions,1.1598802193221958
occur,1.1520980788801407
investment,1.1520980788801407
supported,1.1474576993236385
decision,1.1457756131406538
group,1.1443760327862305
needs,1.142180642222795
mass,1.1392609321194602
issues,1.129108560655442
presentation,1.129108560655442
relief,1.129108560655442
teams,1.129108560655442
connected,1.129108560655442
formulas,1.129108560655442
loyalty,1.129108560655442
ambiguous,1.129108560655442
describes,1.129108560655442
balanced,1.129108560655442
attacks,1.129108560655442
belongs,1.129108560655442
meanings,1.129108560655442
unfortunate,1.129108560655442
changing,1.129108560655442
statistics,1.129108560655442
performance,1.1208780615189267
impact,1.1140706832909018
granted,1.1110900551527638
academic,1.1110900551527638
range,1.1098153577207632
offers,1.1066357048033835
measurement,1.099255597505761
receiving,1.099255597505761
tends,1.099255597505761
details,1.093390478053363
research,1.0933904780533628
offer,1.0908873478352443
machine,1.0894994225603962
levels,1.0846567980846082
activities,1.0846567980846082
don,1.084656798084608
stressed,1.084656798084608
empirical,1.084656798084608
expectations,1.084656798084608
douglas,1.084656798084608
amendment,1.084656798084608
radar,1.084656798084608
degrees,1.084656798084608
compete,1.084656798084608
efforts,1.080712019793592
previously,1.0759987353414937
understood,1.0759987353414937
installed,1.0702680606325088
calls,1.0702680606325088
suggested,1.0702680606325088
output,1.0702680606325088
costs,1.0645700395178708
common,1.0642710411601344
manufacturers,1.0631505928636447
provision,1.0631505928636447
prior,1.0631505928636447
essentially,1.0631505928636447
grant,1.0631505928636447
interests,1.054073374712528
successful,1.0525684835331077
easily,1.0513995763281259
particular,1.0476682287152677
phases,1.0420971836658124
generally,1.0420971836658124
exclusively,1.0420971836658124
cycle,1.0420971836658124
recommendation,1.0420971836658124
guide,1.0420971836658124
scientists,1.0420971836658124
aimed,1.0420971836658124
lock,1.0420971836658124
operate,1.0420971836658124
categories,1.0420971836658124
jim,1.0420971836658124
learn,1.0420971836658122
conditions,1.0420971836658122
materials,1.0317343966302657
possibly,1.025567881714602
consideration,1.0214778964630766
allowed,1.0185666862556182
policy,1.014698209477698
formation,1.014698209477698
readers,1.014698209477698
effectively,1.014698209477698
claims,1.014698209477698
chose,1.014698209477698
concerning,1.0093073608428214
equally,1.0093073608428214
degree,1.0012751891455574
departments,1.0012751891455571
abandoned,1.0012751891455571
corporations,1.0012751891455571
reflect,1.0012751891455571
demonstration,1.0012751891455571
parts,0.9968405920776915
french,0.9904251731214916
destruction,0.9880299623955366
paul,0.9880299623955366
instant,0.9880299623955366
rise,0.9814725618493775
views,0.9814725618493775
david,0.9814725618493775
towards,0.9775586625282412
conflict,0.9620544759922759
marginal,0.9620544759922759
agents,0.9620544759922759
emerged,0.9620544759922759
magazine,0.9620544759922759
contest,0.9620544759922759
furthermore,0.9620544759922759
objectives,0.9620544759922759
perspective,0.9620544759922759
assist,0.9620544759922759
entirely,0.9620544759922759
preferred,0.9620544759922759
identify,0.9620544759922759
changes,0.9543916032467067
capable,0.9467870038614875
vehicles,0.9430062810215813
driving,0.9430062810215813
negative,0.9430062810215813
applied,0.9430062810215813
list,0.9392397982261045
level,0.9383003899841688
brings,0.9367366680079862
regarding,0.9367366680079862
notion,0.9367366680079862
necessity,0.9367366680079862
set,0.9351250641136445
elements,0.9336165406717424
communication,0.9317491264969471
scholars,0.9243141480094288
reputation,0.9243141480094288
phone,0.9243141480094288
company's,0.9243141480094288
placing,0.9243141480094288
minimal,0.9243141480094288
restrictions,0.9243141480094288
business,0.9204900515710254
protection,0.9169340407118063
describe,0.9120440554176145
approach,0.9120440554176145
lower,0.9120440554176145
motion,0.9059650093412321
manner,0.903946845184995
willing,0.9023352412906537
anybody,0.8879465038385541
holds,0.8879465038385541
exists,0.8879465038385541
profit,0.8879465038385539
vital,0.8879465038385539
convention,0.8879465038385539
surfaces,0.8879465038385539
satisfaction,0.8879465038385539
september,0.8879465038385539
press,0.8800413243314408
choice,0.879057556421308
methods,0.8737618688465975
paper,0.8686533009038752
significant,0.86441600642836
dealing,0.86441600642836
resulting,0.86441600642836
believes,0.86441600642836
concerns,0.86441600642836
consists,0.86441600642836
bureau,0.86441600642836
philosophy,0.86441600642836
commerce,0.852855184027284
establish,0.852855184027284
merit,0.852855184027284
applying,0.852855184027284
players,0.852855184027284
subsequent,0.852855184027284
threatened,0.852855184027284
useful,0.852855184027284
shapes,0.852855184027284
volunteers,0.852855184027284
effort,0.852855184027284
argue,0.852855184027284
perform,0.852855184027284
membership,0.845982304739522
increased,0.845982304739522
path,0.8414264882036612
confusion,0.8414264882036612
original,0.83818499427949
november,0.8323766526837434
et,0.8189536323516025
dimensions,0.8189536323516025
contain,0.8189536323516025
goal,0.8189536323516025
encountered,0.8189536323516025
medicine,0.8189536323516025
setting,0.8189536323516025
complicated,0.8189536323516025
station,0.8189536323516025
purposes,0.8189536323516025
excessive,0.8189536323516025
agreement,0.8094748883970587
buildings,0.8057084056015821
procedures,0.8024243304003921
known,0.7983343451488667
electrical,0.7969747256328272
author,0.7969747256328272
established,0.7907827553849062
various,0.7886482828562736
success,0.7861638095286118
evaluation,0.7861638095286115
extreme,0.7861638095286115
decline,0.7861638095286115
enterprise,0.7861638095286115
extend,0.7861638095286115
studio,0.7861638095286115
consequently,0.7861638095286115
please,0.7861638095286115
aspect,0.7754685204118636
movements,0.7754685204118636
expansion,0.7754685204118636
numerous,0.7754685204118636
practice,0.7754685204118636
low,0.7716075117544041
appeal,0.7701634681821705
wind,0.7701634681821705
procedure,0.7669938934208915
economy,0.7669938934208915
later,0.7619433776348229
eastern,0.7544151112140313
debate,0.7544151112140313
williams,0.7544151112140313
universities,0.7544151112140313
message,0.7544151112140313
concluded,0.7544151112140313
temporary,0.7544151112140313
fully,0.7544151112140313
company,0.7474946683694577
effective,0.7466329707719763
started,0.7440523241784848
agreed,0.7419925912154742
typical,0.738910924678066
idea,0.738910924678066
object,0.738910924678066
california,0.738910924678066
science,0.7312480519324971
university,0.7259771758934981
techniques,0.7236434525472777
gift,0.7236434525472777
healthy,0.7236434525472777
demonstrated,0.7236434525472777
damage,0.7236434525472777
measured,0.7236434525472777
inevitable,0.7236434525472777
elected,0.7236434525472777
leads,0.7236434525472777
meet,0.7202821048445729
opening,0.717601138091315
assembly,0.7135931166937765
energy,0.7135931166937765
shall,0.7086055751827373
must,0.7006768914272298
begun,0.6937904893975966
protect,0.6937904893975966
logical,0.6937904893975966
italy,0.6937904893975966
shortly,0.6937904893975966
needed,0.6937904893975966
openly,0.6937904893975966
minimum,0.6937904893975966
decades,0.6937904893975966
making,0.6937904893975966
opportunities,0.6937904893975966
test,0.6937904893975964
individual,0.6895976111375606
radio,0.6854222397270798
reasons,0.6840343144522318
large,0.6826483128443547
takes,0.6820944496344054
completed,0.6791916899764439
raise,0.674372403540495
similar,0.667982605441724
vehicle,0.6648029525243442
exchange,0.6648029525243442
world's,0.6648029525243442
beer,0.6648029525243442
accurate,0.6648029525243442
recently,0.6607296271367085
sources,0.6591049314097065
form,0.6580232655389655
january,0.6553242085698006
advanced,0.6553242085698006
limited,0.6553242085698006
experiences,0.6553242085698006
windows,0.6553242085698006
farm,0.6526324169040889
compared,0.6506183175323877
chosen,0.6506183175323877
either,0.6506183175323877
serve,0.6459344682199616
accept,0.6366320755576479
supplied,0.6366320755576479
description,0.6366320755576479
able,0.6366320755576479
sees,0.6366320755576479
local,0.6366320755576479
detail,0.6366320755576479
challenge,0.6366320755576479
rural,0.6366320755576479
modern,0.6366320755576479
satisfied,0.6366320755576479
automatically,0.6366320755576479
forms,0.6287268960505346
complete,0.625582239371063
structure,0.625582239371063
field,0.6219259281679523
conducted,0.6182829368894515
lack,0.6182829368894515
board,0.6154896389838388
direct,0.6131015781474537
gate,0.6092331013695336
serves,0.6092331013695336
mixed,0.6092331013695336
enormous,0.6092331013695336
view,0.6038422527346571
organized,0.6002644313867731
confidence,0.6002644313867731
economic,0.598891747574801
discussion,0.5931469636179091
association,0.5901120599227551
likely,0.5891655383187242
working,0.5891655383187242
future,0.5869604657604103
goods,0.5825648542873723
combination,0.5825648542873723
major,0.5825648542873723
informed,0.5825648542873723
requires,0.5825648542873723
majority,0.5825648542873723
axis,0.5825648542873721
experimental,0.5825648542873721
reception,0.5825648542873721
regardless,0.5825648542873721
single,0.5767339339765789
early,0.5688094792188869
avoid,0.5651731115755031
guest,0.5565893678841115
derived,0.5565893678841115
mission,0.5565893678841115
provisions,0.5565893678841115
self,0.5565893678841115
work,0.5546189238968128
advance,0.5480786782162029
programs,0.5384400493784341
south,0.5312715598998217
contract,0.5312715598998217
permanent,0.5312715598998216
session,0.5312715598998216
parallel,0.5312715598998216
indicates,0.5312715598998216
guidance,0.5312715598998216
sometimes,0.5267364047344304
tests,0.5147422579486111
space,0.5092926531810462
became,0.5065789473094502
larger,0.5065789473094502
distinction,0.5065789473094501
sell,0.5065789473094501
library,0.4984817370768308
agencies,0.4984817370768308
robert,0.4944575867771053
offered,0.4944575867771053
team,0.4944575867771053
despite,0.4920508467465404
engineer,0.4824813957303896
broad,0.4824813957303896
comment,0.4824813957303896
civilization,0.4824813957303896
varying,0.4824813957303896
obtain,0.4824813957303896
distinct,0.4824813957303896
named,0.4824813957303896
demanded,0.4824813957303896
ease,0.4824813957303896
factors,0.4730026517758459
however,0.47155232519819945
body,0.47155232519819945
ways,0.46673303876225053
primarily,0.46673303876225053
site,0.46673303876225053
scientific,0.4589508983201955
otherwise,0.4589508983201955
countries,0.4556341456942015
without,0.4546535131076493
units,0.4473900759191196
change,0.4442601829101919
book,0.4410246820520436
arts,0.4359613800954969
helped,0.4359613800954969
page,0.4359613800954969
hundreds,0.43596138009549673
relationship,0.43596138009549673
extensive,0.43596138009549673
accomplished,0.43596138009549673
recognition,0.43596138009549673
continuous,0.43596138009549673
volumes,0.43596138009549673
active,0.43596138009549673
carry,0.43596138009549673
collected,0.43596138009549673
growth,0.4294888655898792
result,0.42773088095898126
within,0.41627016720531507
equal,0.41348852424343807
africa,0.41348852424343807
promise,0.41348852424343807
discovery,0.41348852424343807
interference,0.41348852424343807
case,0.4079483438678227
general,0.4074462097874755
practical,0.4061084169458157
starting,0.4061084169458157
union,0.4024386880568533
member,0.39878237685374274
texas,0.3915096175246629
superior,0.3915096175246628
recommended,0.3915096175246628
mere,0.3700034123036993
periods,0.3700034123036993
thousands,0.3700034123036993
engaged,0.3700034123036993
section,0.3646983600740062
april,0.36293624508060696
addition,0.36293624508060696
social,0.3594213029731623
main,0.3573182527763835
formal,0.3489500031058671
screen,0.3489500031058671
described,0.3489500031058671
suit,0.3489500031058671
hoped,0.3489500031058671
increases,0.3489500031058671
functions,0.3489500031058671
march,0.3406512002911719
service,0.3393805520897164
included,0.33858721607032033
follow,0.33858721607032033
discovered,0.33515668097353124
personal,0.32833071590313134
employed,0.32833071590313134
hopes,0.32833071590313134
makes,0.32541950569567285
world,0.3245114878361359
game,0.32425739051549557
important,0.3242573905154954
selected,0.3215510289177527
although,0.32051206778533364
instead,0.3196223880113468
removed,0.30812800858561196
members,0.30812800858561196
respect,0.30812800858561196
convinced,0.3081280085856118
extremely,0.3081280085856118
issued,0.3081280085856118
massachusetts,0.3081280085856118
choose,0.3081280085856118
engine,0.3081280085856118
advertising,0.3081280085856118
since,0.3033394918538147
playing,0.29817767773244364
director,0.29817767773244364
formed,0.2948827818355913
memory,0.2948827818355913
uniform,0.28832538128943214
force,0.2861491018668367
become,0.28273877458079233
date,0.2785692063440674
planning,0.2766293415262409
means,0.2753381857626209
turn,0.27318995722433137
establishment,0.2689072954323306
introduced,0.2689072954323306
role,0.2689072954323306
detailed,0.2689072954323306
thus,0.2689072954323306
covered,0.2689072954323306
edge,0.2689072954323306
reach,0.25933784441617985
mentioned,0.25616826965490086
differences,0.25616826965490086
led,0.2536398233015422
finding,0.24985910046163604
largest,0.24985910046163604
recognized,0.24358948744804082
explained,0.24358948744804082
russian,0.24358948744804082
possible,0.2418053656545391
new,0.23847961429577022
subject,0.23735893769740474
index,0.23116696744948365
smith,0.23116696744948345
unable,0.23116696744948345
effects,0.23116696744948345
preparation,0.23116696744948345
third,0.22588991034863978
nature,0.22064055446249592
presented,0.2188968748576692
central,0.21281782878128705
generation,0.21281782878128686
executive,0.21281782878128686
yellow,0.21281782878128686
games,0.21281782878128686
cultural,0.21281782878128686
sought,0.21281782878128686
necessary,0.20376799326136907
reports,0.19479932327860877
vision,0.19479932327860858
agency,0.19479932327860858
joined,0.19479932327860858
motor,0.19479932327860858
represented,0.19479932327860858
function,0.18591037586136266
shape,0.18296486563160574
method,0.1806146882866522
among,0.17845018527707937
basic,0.17709974617920793
permitted,0.17709974617920776
professor,0.17709974617920776
notes,0.17709974617920776
apparent,0.17709974617920776
becoming,0.17709974617920776
surface,0.1745966159610892
type,0.1745966159610892
pay,0.17126882586841471
financial,0.17126882586841471
full,0.16836606621045308
obtained,0.16836606621045308
ones,0.15970800346733866
emphasis,0.15970800346733866
several,0.15970800346733866
lose,0.15970800346733866
particularly,0.15283512417957662
account,0.151124259775947
announced,0.14827930764371589
notice,0.14261357010803852
europe,0.14261357010803852
cases,0.13922947212379808
together,0.13697975238978247
reported,0.13417470146217378
image,0.13417470146217378
purpose,0.13249543994245389
need,0.12580645179165717
machinery,0.12580645179165717
garden,0.12580645179165717
slow,0.12580645179165717
heavily,0.12580645179165717
progress,0.12580645179165717
maintain,0.12580645179165717
frequently,0.1147566156050724
showing,0.10927714984044673
soft,0.10927714984044673
prices,0.10927714984044673
minister,0.10927714984044673
de,0.10927714984044673
speech,0.10927714984044673
education,0.10693796748727451
start,0.09948914347428388
written,0.09948914347428388
talk,0.09948914347428388
per,0.0957084206343778
remain,0.09301662896866643
billion,0.09301662896866622
arm,0.08232133985191833
whose,0.08099243600186473
number,0.07807504897046734
sufficient,0.07701628762222522
relation,0.07701628762222522
signal,0.07701628762222522
powerful,0.07701628762222522
fellow,0.07701628762222522
bring,0.07384671286094627
attempt,0.07173923052138158
meeting,0.06753754366768164
located,0.061267930654086006
lead,0.053485790212031016
theory,0.053485790212031016
status,0.05090514361853944
headquarters,0.0457637441181207
one's,0.0457637441181207
works,0.0457637441181207
institutions,0.040648643451350545
four,0.038795074802027485
closely,0.030496271987332416
search,0.030496271987332416
around,0.02871532761633754
make,0.027974202554622705
literature,0.022949066351949446
meant,0.020445936133831097
equipment,0.018447933471157987
chairman,0.015458394622791952
occurred,0.015458394622791952
unless,0.01049560528066283
james,0.01049560528066283
areas,0.009082177483515894
concerned,0.008023416135273749
flow,0.0006433088376512694
top,0.0006433088376512694
won,0.0006433088376512694
end,-0.0018046728009887215
order,-0.004690037137711345
power,-0.0052218106147467625
strength,-0.006682731254421733
usually,-0.009112866107713509
commission,-0.009112866107713509
studies,-0.009112866107713509
added,-0.011052730925539975
seek,-0.01395549058350146
realized,-0.01395549058350146
fashion,-0.01395549058350146
connection,-0.01395549058350146
help,-0.015564501389202115
becomes,-0.01877477701945034
president,-0.02052150235439208
seen,-0.024766406687717065
health,-0.02834422803560088
stage,-0.028344228035600993
independence,-0.028344228035601108
drawn,-0.028344228035601108
study,-0.03241755342323686
directly,-0.03546169580446507
reading,-0.03546169580446507
responsible,-0.042528863027557505
historical,-0.042528863027557505
history,-0.04954643568620402
phase,-0.05651510500229741
ordinary,-0.05651510500229741
growing,-0.05651510500229741
importance,-0.05651510500229741
called,-0.06906232105438602
brief,-0.07030842713463326
rule,-0.07030842713463326
nevertheless,-0.07030842713463326
involved,-0.07713439220503311
increasing,-0.08391407919041174
contrast,-0.08391407919041174
gain,-0.08391407919041174
entire,-0.09064811137175591
rather,-0.09198949319595708
expressed,-0.09733709952255246
treated,-0.09733709952255246
france,-0.09733709952255246
greater,-0.10000021694203622
presence,-0.11058232627257318
difficulty,-0.11058232627257318
forward,-0.11931600624132771
laid,-0.12365440783992593
title,-0.12365440783992593
whole,-0.126895901764097
small,-0.12920483837057492
sense,-0.13334753704558558
favor,-0.1365578126758338
smaller,-0.1365578126758338
best,-0.13655781267583392
already,-0.13655781267583392
enough,-0.13888610243542493
passed,-0.14294761077460477
road,-0.1467619828500755
sam,-0.14929683845326355
expression,-0.14929683845326355
steps,-0.153507370989607
believe,-0.16187562066012362
additional,-0.16187562066012362
play,-0.16187562066012362
difficult,-0.16810617041075973
administration,-0.16810617041075973
especially,-0.17429814065868093
campaign,-0.17429814065868093
problems,-0.19062503394610947
interest,-0.19264727932687734
capacity,-0.19868959378284004
mark,-0.19868959378284004
numbers,-0.20269761518037874
part,-0.20269761518037874
island,-0.20469561784305185
begin,-0.21066578482955572
remains,-0.21066578482955572
note,-0.21857096433666887
run,-0.22014452878409943
office,-0.22250024247655853
another,-0.22836536192895662
amount,-0.23419628223974984
previous,-0.23419628223974984
loss,-0.23419628223974984
party,-0.23883666179625207
looking,-0.23999339992407587
made,-0.24043794316322586
material,-0.24575710464082567
possibility,-0.24575710464082567
person,-0.24575710464082567
report,-0.24575710464082567
step,-0.24958120107922918
program,-0.25212249850790175
add,-0.25718580046444856
moreover,-0.25718580046444856
live,-0.26285153800012606
regard,-0.26848535571838184
names,-0.26848535571838184
attention,-0.2740876112670518
late,-0.2740876112670518
balance,-0.27965865631650727
wrote,-0.2851988366921226
records,-0.29070849250309205
mike,-0.29070849250309205
complex,-0.29070849250309205
measure,-0.29070849250309205
weight,-0.29070849250309205
done,-0.29227712027571867
comes,-0.29436480370620255
understand,-0.29436480370620255
word,-0.29436480370620255
size,-0.3016375630352824
leadership,-0.30163756303528255
area,-0.3078295332832036
past,-0.3195913666518782
statement,-0.32314376825624586
highly,-0.323143768256246
act,-0.32668359496137
changed,-0.33372587758678296
oil,-0.33372587758678296
points,-0.33722850813798483
deal,-0.33722850813798483
private,-0.33897523347292674
books,-0.34419717745407824
primary,-0.34419717745407824
longer,-0.34939199433118223
less,-0.3557047843055582
earlier,-0.35799049958641405
increase,-0.35970136399004365
claim,-0.364816464656814
least,-0.36481646465681417
june,-0.37496883612083215
people,-0.3814835171420257
human,-0.3816802707088188
earth,-0.38501917197433333
hard,-0.39496950282750165
officer,-0.39496950282750165
issue,-0.39826439872435404
evidence,-0.40482179927051315
news,-0.40482179927051315
unit,-0.4145779742158779
better,-0.4194205986916659
professional,-0.43380933614376543
drive,-0.43380933614376543
outside,-0.43380933614376543
simple,-0.4495576931119045
higher,-0.4495576931119045
cities,-0.4526778204481482
determine,-0.4526778204481482
continue,-0.4526778204481482
leaders,-0.4526778204481482
price,-0.46198021311046183
democratic,-0.4711968682153858
beginning,-0.4742503057022761
ten,-0.4742503057022761
states,-0.47701809047500227
upon,-0.48032935177865826
completely,-0.48032935177865843
high,-0.4843616153065967
fact,-0.4961132194799204
center,-0.49834785728133674
hold,-0.5042825928011512
figures,-0.5072368046985827
today,-0.5125324922732931
gives,-0.5160474343807375
whether,-0.5195500649319396
five,-0.5195500649319396
audience,-0.5247811143494923
read,-0.5334391770926065
green,-0.5334391770926067
beyond,-0.5391698518015916
nations,-0.5391698518015916
writing,-0.5420229207839983
society,-0.554761946561428
see,-0.5570313591094267
determined,-0.5589724790977715
served,-0.5589724790977715
found,-0.5599057502807698
recent,-0.5617696837188325
return,-0.5673407287682881
united,-0.5714987389169519
except,-0.5728809091439035
john,-0.5728809091439035
opportunity,-0.5756395315829833
will,-0.5785390540783176
three,-0.5838700307194986
us,-0.5898135846203467
time,-0.5914077548509252
federal,-0.5920333413586596
ago,-0.5920333413586596
hand,-0.5931941075946219
reaction,-0.600130551591279
put,-0.6070192125864644
special,-0.6081627232885433
call,-0.610825840708027
given,-0.6134818847661431
worked,-0.6318792499058593
clearly,-0.6318792499058593
real,-0.6396613903479142
piece,-0.6396613903479142
america,-0.6422420369414059
give,-0.6448160409365786
way,-0.6451832155322222
alone,-0.6473834364418246
cause,-0.6473834364418246
opened,-0.6550463091873936
keep,-0.6626509085726129
met,-0.6626509085726129
near,-0.6626509085726129
influence,-0.6626509085726129
sales,-0.6701981142079959
merely,-0.6851237644246716
population,-0.692503871722294
southern,-0.699829911814367
record,-0.699829911814367
century,-0.7071026711434466
experience,-0.7071026711434467
art,-0.7119219575793957
try,-0.7214914085955464
taken,-0.7250564747600426
quite,-0.7250564747600426
throughout,-0.7286088763644104
neither,-0.7286088763644104
effect,-0.7356760435875028
paid,-0.7565827284068165
fall,-0.7702815727649784
things,-0.771641192281018
results,-0.7837952919317012
times,-0.7904842800824977
national,-0.7904842800824977
voice,-0.7949188771503635
began,-0.8297049932357791
training,-0.8297049932357791
still,-0.8322658140974527
certain,-0.8329049959664501
problem,-0.8329049959664501
years,-0.8445515013527735
life,-0.8480541319039757
look,-0.8525196710019505
indeed,-0.8674453212186263
want,-0.8797154138104405
actually,-0.8918367743427853
shown,-0.8918367743427853
committee,-0.9038129653895011
reached,-0.9097477009093156
first,-0.9163824469578723
far,-0.9179976003814574
behind,-0.927343462799695
political,-0.927343462799695
followed,-0.9273434627996952
inside,-0.938904285200771
dead,-0.938904285200771
period,-0.9541137038642998
money,-0.9541137038642998
state,-0.9690952574799168
car,-0.9875119842661478
words,-0.9875119842661478
always,-0.9904274382262719
across,-1.016290948816191
present,-1.0189469928743076
months,-1.0215960010458844
finally,-1.032122414032872
even,-1.0528485445499889
minutes,-1.0579636452167593
every,-1.0600023819066076
red,-1.0630527147242306
point,-1.0655875703274187
table,-1.0681160166807775
lines,-1.0681160166807775
soon,-1.0731538107107346
tax,-1.0831538940453178
strong,-1.088116683387447
black,-1.0930549650280292
sound,-1.0979689798304584
perhaps,-1.1012316254652748
leave,-1.1028589651246503
kind,-1.1205870684182309
against,-1.122183237951053
yet,-1.1245727253484346
military,-1.1364352606582546
child,-1.141141151695667
long,-1.149822341440714
feel,-1.1551273936704072
clear,-1.1689207158027428
department,-1.1959493881906622
something,-1.1959493881906622
wanted,-1.2003839852585279
true,-1.2222666965080358
close,-1.2351701013439436
much,-1.2362379071047735
west,-1.239434500130401
now,-1.2559320927923727
big,-1.2604879093282335
position,-1.264645919476897
reason,-1.264645919476897
white,-1.2742812314605692
right,-1.2819231900482984
brought,-1.3132384747137622
side,-1.3171832530047785
probably,-1.3443693933089353
day,-1.3958925463344363
two,-1.423173491605329
place,-1.4323381662548926
name,-1.4634287533249237
york,-1.4902760033611118
take,-1.5001607625936537
matter,-1.5099487689598166
left,-1.5481699817800143
good,-1.5556419966187152
country,-1.5605925017785716
school,-1.5748930519207678
great,-1.586488846082151
man,-1.6229792385884056
along,-1.6519667754616578
second,-1.7014274056300576
toward,-1.7356863554510729
city,-1.7536585978555033
house,-1.756199895284176
next,-1.756199895284176
asked,-1.76630099127068
find,-1.771313533094224
little,-1.809331600281745
took,-1.8342883322556125
year,-1.8635888092033948
though,-1.866623712898549
might,-1.8846422184012273
course,-1.9218863915735986
back,-1.9598656396388148
said,-1.9747644510626978
thought,-2.0278918604946714
home,-2.0842977884082234
go,-2.2191993570863406
never,-2.326634396746766
