catalog,7.183033708437422
template,6.672208084671431
do-it-yourself,6.672208084671431
labels,6.489886527877476
individualist,6.489886527877476
crafts,6.489886527877476
computers,6.38452601221965
modifying,6.202204455425695
low-cost,6.202204455425695
featuring,6.202204455425695
motivations,5.979060904111486
bands,5.883750724307161
spurred,5.796739347317531
focusing,5.796739347317531
stewart,5.796739347317531
web,5.796739347317531
maker,5.796739347317531
topics,5.691378831659705
environmental,5.642588667490273
bending,5.642588667490273
cable,5.642588667490273
merchandise,5.642588667490273
media,5.429014567192214
improvement,5.403696759207924
magazine,5.31123153153583
tyranny,5.1906035437472156
tools,5.160750580597535
individualism,5.103592166757586
sunset,4.949441486930327
prose,4.949441486930327
liberalism,4.880448615443376
publications,4.858469708724601
craft,4.858469708724601
sites,4.815910094305805
channel,4.815910094305805
magazines,4.77508809978555
television,4.77508809978555
brand,4.75528547248937
mechanics,4.644059837379146
improve,4.618084350975884
network,4.592766542991595
articles,4.559976720168604
launched,4.543976378822163
adding,4.49745636318727
projects,4.467603400037589
alternative,4.467603400037589
encouraging,4.4530046006164365
circuit,4.4530046006164365
culture,4.444346537873322
remove,4.2212029865591125
creating,4.2212029865591125
scenes,4.2212029865591125
albert,4.2212029865591125
extensive,4.209774290735489
liberty,4.165322528164656
term,4.13534169595272
books,4.122762913745859
electronics,4.122762913745859
popular,4.102143626543124
learn,4.073972749576427
article,4.062138291929425
content,4.023672011101628
multiple,4.004979878089476
publication,3.9866307394212797
edition,3.977580903901362
skills,3.977580903901362
materials,3.930078569916358
uses,3.916426480748031
building,3.8996193624316495
showing,3.883090060480439
continues,3.8749267498412783
homes,3.8668295396086587
please,3.8668295396086587
skill,3.850829198262218
message,3.8350808412940784
fashion,3.759857420056491
trend,3.7598574200564907
independent,3.7454686826043915
techniques,3.6865261469709414
rock,3.67647581111744
wide,3.67647581111744
arthur,3.65667318382126
related,3.65667318382126
movement,3.652759284500124
rights,3.6501585028000667
traditional,3.6372550979641587
created,3.5995147699813117
smith,3.5995147699813117
design,3.545447548711036
various,3.537956876981878
using,3.5280558059991667
previously,3.5280558059991667
quickly,3.5053275549216107
associated,3.477624952372275
greek,3.477624952372275
grow,3.445364090154053
maintenance,3.4296157331859143
site,3.4296157331859143
california,3.414111546649949
issues,3.3988440745191606
items,3.3118326975295305
november,3.2844337233414165
removed,3.2710107030092757
include,3.26657610594141
smaller,3.231789989855994
based,3.2148404315422208
groups,3.1656501873514493
broad,3.1576820177022724
musical,3.1458475600552696
music,3.129511140735576
material,3.1225906978910025
product,3.1225906978910025
science,3.1187666014525988
published,3.099862446813446
clothes,3.099862446813446
structure,3.077639310028736
southern,3.0739829988256253
someone,3.045204034275582
personal,3.003531337875014
style,3.003531337875014
home,2.9887981063620304
built,2.9537698283159504
original,2.9537698283159504
professional,2.9345384663880627
growing,2.9063675894213663
lack,2.8880184507531697
equipment,2.8759701122369954
research,2.8523003681510906
community,2.839228286583738
late,2.8065781188129955
radio,2.80100707376354
de,2.7844777718123295
game,2.7763144611731687
series,2.7209643660900036
north,2.666087755864169
common,2.5867921531936315
earth,2.5778635224493303
needs,2.5646182956993098
social,2.5646182956993098
help,2.5418530849262972
property,2.538642809296049
range,2.532253011197278
individual,2.51750037272224
terms,2.4947486157388234
followed,2.441004339732133
free,2.4371358629542126
early,2.379012663704165
section,2.3467518014859436
show,2.3310034445178043
living,2.320640657482258
book,2.3052950878075977
whole,2.260622647756005
century,2.255780023280217
began,2.250960736844268
others,2.216311601431094
old,2.1933572653620095
love,2.1460811060237925
house,2.122973531013643
along,2.1218461351783344
things,2.0858809864848196
making,2.04723527138716
make,2.01002764396656
together,2.0012501581453366
better,1.968097950828436
people,1.9454104105616412
use,1.8998299796994331
used,1.866549037933936
means,1.851926519066394
kind,1.8422956260054328
part,1.7793558262315587
children,1.7163810270701703
large,1.6996208582127053
john,1.6968546047198148
way,1.6935451698184476
without,1.625776738303258
number,1.4315198309600308
school,1.387989642502896
found,1.304364655474784
around,1.256996966651895
came,1.1555587238064067
since,1.1459586500773873
first,1.0656709944540652
life,1.0162162738515783
work,0.9525522608589398
see,0.9395142665208098
world,0.9202705681281828
much,0.7458155343071637
said,0.007288990349239753
