additive,6.240406254084403
printer,5.86884269765192
printing,5.624645737139878
digital,5.398839068406185
franchise,5.13487352257172
users,5.070335001434149
global,5.070335001434149
citation,5.001342129947197
bending,4.9702515428771665
deposition,4.819020573153243
do-it-yourself,4.760180073130309
manufacturing,4.725494515142419
hardware,4.664869893325984
computers,4.664869893325984
evolutionary,4.664869893325984
junk,4.664869893325984
non-profit,4.664869893325984
homeowners,4.664869893325984
jargon,4.664869893325984
template,4.664869893325984
layer,4.622310278907189
fabrication,4.600331372188413
bug,4.531338500701462
lab,4.48254833653203
individualist,4.48254833653203
zealand,4.48254833653203
coined,4.48254833653203
hack,4.48254833653203
portal,4.48254833653203
media,4.451295793027925
computer,4.451295793027925
commons,4.377187820874203
consumers,4.339447492891357
maker,4.320029407034255
circuit,4.270215701322035
catalog,4.2594047852178205
eric,4.2594047852178205
surname,4.2594047852178205
prototype,4.2594047852178205
fused,4.2594047852178205
enthusiasts,4.2594047852178205
manuals,4.194866264080249
drywall,4.194866264080249
aerospace,4.194866264080249
installation,4.194866264080249
modular,4.194866264080249
user,4.194866264080249
wilhelm,4.194866264080249
repair,4.154044269559994
terminology,4.125873392593298
repairs,4.089505748422423
advertise,3.9717227127660393
1950s,3.9717227127660393
circuits,3.9717227127660393
advent,3.9717227127660393
hobbies,3.9717227127660393
tooling,3.9717227127660393
pursuits,3.9717227127660393
saturn,3.9717227127660393
discusses,3.9717227127660393
austria,3.9717227127660393
sheds,3.9717227127660393
ethic,3.9717227127660393
scanning,3.9717227127660393
sis,3.9717227127660393
programmer,3.9717227127660393
layers,3.9717227127660393
carpentry,3.9717227127660393
robots,3.9717227127660393
crafts,3.9717227127660393
retrieved,3.866362197108213
resin,3.853939677109656
furniture,3.834521591252554
usage,3.817572032938781
innovation,3.817572032938781
environmental,3.817572032938781
web,3.7894011559720844
low-cost,3.7894011559720844
amplifier,3.7894011559720844
modifications,3.7894011559720844
three-dimensional,3.7485791614518296
apollo,3.7485791614518296
groom,3.7485791614518296
risks,3.7485791614518296
topic,3.720408284485133
architectural,3.6840406403142585
texts,3.6840406403142585
fink,3.6840406403142585
toy,3.6840406403142585
melt,3.6840406403142585
feedback,3.6840406403142585
peer,3.6840406403142585
dryer,3.6840406403142585
casting,3.6840406403142585
yiddish,3.6840406403142585
2d,3.6840406403142585
internationally,3.6840406403142585
verification,3.6840406403142585
trusting,3.6840406403142585
modifying,3.6840406403142585
emphasizing,3.6840406403142585
technology,3.6762584998722034
architecture,3.653268981647505
term,3.5725667738511397
marketplace,3.5662576046578747
diminutive,3.5662576046578747
pioneered,3.5662576046578747
connecting,3.5662576046578747
labels,3.5662576046578747
insured,3.5662576046578747
instructional,3.5662576046578747
inroads,3.5662576046578747
spacecraft,3.5662576046578747
personalized,3.5662576046578747
publish,3.5662576046578747
fledgling,3.5662576046578747
schematic,3.5662576046578747
glossary,3.5662576046578747
studs,3.5662576046578747
fixture,3.5662576046578747
licensed,3.5662576046578747
improvised,3.5662576046578747
tracking,3.5662576046578747
pioneers,3.5662576046578747
mentality,3.5662576046578747
emergence,3.5662576046578747
unskilled,3.5662576046578747
documentation,3.5662576046578747
avoids,3.5662576046578747
printed,3.5662576046578747
design,3.553012377907854
businesses,3.512190383387599
tools,3.4898846258733007
print,3.479246227668245
virtual,3.4608970890000488
bicycle,3.4608970890000488
motivations,3.4608970890000488
stamping,3.4608970890000488
identities,3.4608970890000488
cabinets,3.4608970890000488
access,3.4327262120333524
distressing,3.4121069248306166
cable,3.4121069248306166
firearms,3.4121069248306166
origins,3.4121069248306166
backgrounds,3.4121069248306166
economies,3.4121069248306166
metals,3.4121069248306166
fix,3.4121069248306166
sites,3.3963585678624773
typically,3.3963585678624773
applications,3.391904217513097
projects,3.3898011673163184
format,3.38393604786392
plumbing,3.38393604786392
consumer,3.3786589907630766
bands,3.3655869091957236
globe,3.352683504359816
files,3.352683504359816
project,3.33094351772341
spurred,3.278575532206094
producer,3.278575532206094
fencing,3.278575532206094
adding,3.278575532206094
electronics,3.278575532206094
godwin,3.278575532206094
featuring,3.278575532206094
pro,3.278575532206094
embedded,3.278575532206094
surgery,3.278575532206094
triangle,3.278575532206094
amongst,3.278575532206094
complexity,3.278575532206094
treasure,3.278575532206094
inventions,3.278575532206094
inexpensive,3.278575532206094
workshops,3.278575532206094
specializing,3.278575532206094
researchers,3.278575532206094
pirate,3.278575532206094
jocular,3.278575532206094
verb,3.278575532206094
ghana,3.278575532206094
disciplines,3.278575532206094
spelling,3.278575532206094
packaged,3.278575532206094
culture,3.278575532206094
imparted,3.278575532206094
polymers,3.278575532206094
sectors,3.278575532206094
denote,3.278575532206094
focusing,3.278575532206094
homemade,3.278575532206094
network,3.2095826607191427
computing,3.183265352401769
fixing,3.183265352401769
spaces,3.183265352401769
resource,3.1607924965497105
designing,3.1607924965497105
manual,3.1607924965497105
cameras,3.1607924965497105
generating,3.124424852378836
resistors,3.124424852378836
unrelated,3.124424852378836
integrate,3.124424852378836
cured,3.124424852378836
corporate,3.1067252752794348
makers,3.1067252752794348
processes,3.1067252752794348
focused,3.0962539754121394
creating,3.0893335325675655
magazine,3.080749788876174
wire,3.067266438538887
clients,3.055431980891884
screws,3.055431980891884
founded,3.055431980891884
topics,3.055431980891884
mm,3.055431980891884
journals,3.055431980891884
professionals,3.055431980891884
thrift,3.055431980891884
rig,3.055431980891884
relying,3.055431980891884
programming,3.055431980891884
cross-section,3.055431980891884
rebuild,3.055431980891884
serge,3.055431980891884
lynn,3.055431980891884
installing,3.055431980891884
tucker,3.055431980891884
facilitate,3.055431980891884
transaction,3.055431980891884
metal,3.0389026789406737
powder,3.0374134753892057
sharing,3.033453074173109
uses,3.0296794847894697
improve,3.016211267738603
handy,3.016211267738603
diverse,3.016211267738603
electronic,3.0103115456114145
components,3.0089119652569916
tasks,3.002322155577936
devices,2.9998621297370733
tech,2.990893459754313
solving,2.990893459754313
murray,2.990893459754313
danish,2.990893459754313
umbrella,2.990893459754313
removing,2.990893459754313
exterior,2.990893459754313
winner,2.990893459754313
poorly,2.9601218010875594
varies,2.9601218010875594
integrated,2.9601218010875594
australia,2.9601218010875594
manufactured,2.9601218010875594
toys,2.9601218010875594
multiple,2.953153131771466
television,2.950071465234058
wider,2.930268837937878
create,2.9271776453682055
instruments,2.9108507520807767
drives,2.8731104240979297
technician,2.8731104240979297
definitions,2.8731104240979297
launched,2.8731104240979297
australian,2.8731104240979297
prizes,2.8731104240979297
identifies,2.8731104240979297
individualism,2.8731104240979297
strengthened,2.8731104240979297
guides,2.8731104240979297
clumsy,2.8731104240979297
album,2.8731104240979297
alvin,2.8731104240979297
cutters,2.8731104240979297
enables,2.8731104240979297
assemble,2.8731104240979297
declines,2.8731104240979297
investments,2.8731104240979297
customer,2.8731104240979297
mask,2.8731104240979297
automation,2.8731104240979297
trades,2.8731104240979297
challenged,2.8731104240979297
karl,2.8731104240979297
domain,2.8731104240979297
nail,2.8731104240979297
ventilation,2.8731104240979297
gauge,2.8731104240979297
humming,2.8731104240979297
stewart,2.8731104240979297
licensing,2.8731104240979297
parts,2.8552528066979233
improvement,2.8477926161136398
designs,2.8367427799270546
aims,2.808571902960358
article,2.7967374453133558
notable,2.7677499084401034
solve,2.7677499084401034
reporter,2.7677499084401034
deposited,2.7677499084401034
norm,2.7677499084401034
chains,2.7677499084401034
sewing,2.7677499084401034
skills,2.7587000729201856
clever,2.7479472811439236
alternative,2.7479472811439236
structures,2.7349600856171126
rigorous,2.718959744270671
swedish,2.718959744270671
myriad,2.718959744270671
broadened,2.718959744270671
boxes,2.718959744270671
spain,2.718959744270671
photography,2.718959744270671
producers,2.718959744270671
inefficient,2.718959744270671
trends,2.718959744270671
merchandise,2.718959744270671
assisted,2.718959744270671
performer,2.718959744270671
squatting,2.718959744270671
experimenting,2.718959744270671
seattle,2.718959744270671
injection,2.718959744270671
custom,2.718959744270671
quarterly,2.718959744270671
lending,2.718959744270671
liability,2.718959744270671
publishing,2.718959744270671
transform,2.718959744270671
designers,2.718959744270671
amateur,2.6987570369531517
selective,2.690788867303975
commonly,2.6838684244594013
array,2.6724397286357786
earliest,2.6724397286357786
quantities,2.6724397286357786
wired,2.6724397286357786
claude,2.6724397286357786
describes,2.6724397286357786
emerging,2.64996687278372
dutch,2.64996687278372
men's,2.636721646033699
organizations,2.633437570832509
using,2.6325751300718507
children's,2.6279879660649446
scope,2.6217959958170236
materials,2.6158875591308575
models,2.6064817608439808
evolved,2.5854283516461485
korea,2.5854283516461485
brazil,2.5854283516461485
initiated,2.5854283516461485
everyday,2.5854283516461485
carnegie,2.5854283516461485
plastic,2.5854283516461485
19th,2.5854283516461485
shelves,2.5854283516461485
financially,2.5854283516461485
decoration,2.5854283516461485
styles,2.5854283516461485
automotive,2.5854283516461485
utilizing,2.5854283516461485
practiced,2.5854283516461485
bells,2.5854283516461485
scrap,2.5854283516461485
spreading,2.5854283516461485
collections,2.5854283516461485
referrals,2.5854283516461485
model,2.572356270078796
solutions,2.5503370318348786
engineering,2.540976589075315
forming,2.5366381874767168
operators,2.524803729829714
awards,2.524803729829714
statue,2.524803729829714
safety,2.519470383854351
source,2.519470383854351
enabling,2.505385643972612
invented,2.505385643972612
objects,2.505385643972612
object,2.505385643972612
toilet,2.505385643972612
wires,2.505385643972612
released,2.505385643972612
melting,2.4901181718418237
wealth,2.4901181718418237
meanings,2.4901181718418237
articles,2.4836456573362065
customers,2.480067835988322
concept,2.4735104354421633
production,2.4710180004684044
presses,2.467645315989765
volunteer,2.467645315989765
machines,2.467645315989765
finishing,2.467645315989765
guarantee,2.467645315989765
alumni,2.467645315989765
carnival,2.467645315989765
territories,2.467645315989765
replacing,2.467645315989765
creativity,2.467645315989765
gene,2.467645315989765
informal,2.467645315989765
refers,2.467645315989765
reviews,2.467645315989765
larry,2.467645315989765
unpaid,2.467645315989765
destination,2.467645315989765
introducing,2.467645315989765
locations,2.467645315989765
generators,2.467645315989765
museum,2.451896959021626
dedicated,2.44566640927099
enable,2.44566640927099
originally,2.44566640927099
category,2.44566640927099
spare,2.44566640927099
engage,2.4312776718188904
products,2.425085701570969
widely,2.4183742669829824
essay,2.4135780947194894
allows,2.4135780947194894
guitar,2.4135780947194894
file,2.4104869021498168
build,2.4077471744086965
environment,2.4077471744086965
movie,2.39618635200762
open,2.3840585998814996
include,2.379829109982848
collage,2.362284800331939
skilled,2.362284800331939
restricted,2.362284800331939
learning,2.362284800331939
drums,2.362284800331939
supports,2.362284800331939
launch,2.3622848003319388
merge,2.3622848003319388
clothing,2.3622848003319388
mister,2.3622848003319388
invention,2.3622848003319388
insulation,2.3622848003319388
limitation,2.3622848003319388
discourse,2.3622848003319388
cites,2.3622848003319388
vent,2.3622848003319388
instructions,2.3622848003319388
descriptions,2.3622848003319388
founder,2.3622848003319388
purchased,2.3622848003319388
forecast,2.3622848003319388
emma,2.3622848003319388
employing,2.3622848003319388
museums,2.3622848003319388
diminished,2.3622848003319388
miscellaneous,2.3622848003319388
akin,2.3622848003319388
describe,2.3375921877415675
contest,2.3230640871786576
perspective,2.3230640871786576
smart,2.313494636162507
availability,2.313494636162507
michigan,2.313494636162507
remove,2.3091749750179904
feature,2.3067149491771284
translation,2.2977462791943677
channel,2.2977462791943677
satisfy,2.2977462791943677
founding,2.2977462791943677
references,2.2977462791943677
rapid,2.2899641387523126
creative,2.277126991991632
techniques,2.266974620527614
criteria,2.266974620527614
tyranny,2.266974620527614
leisure,2.266974620527614
publishers,2.266974620527614
zone,2.266974620527614
cheaper,2.266974620527614
generated,2.266974620527614
alternate,2.266974620527614
pitch,2.266974620527614
reconstruction,2.266974620527614
facility,2.266974620527614
locally,2.266974620527614
adoption,2.266974620527614
subsequently,2.266974620527614
partial,2.266974620527614
hampshire,2.266974620527614
commercially,2.266974620527614
unprecedented,2.266974620527614
capabilities,2.266974620527614
willingness,2.266974620527614
dots,2.266974620527614
advantages,2.2489561150249355
libraries,2.2489561150249355
spontaneous,2.237121657377933
significantly,2.237121657377933
mechanical,2.237121657377933
possess,2.237121657377933
brand,2.237121657377933
shops,2.237121657377933
fuel,2.237121657377933
german,2.2371216573779327
visual,2.228753407707416
focus,2.228753407707416
authors,2.2225228579567804
publications,2.2225228579567804
craft,2.2225228579567804
electrical,2.2225228579567804
popular,2.2199685781516836
created,2.216330887708859
movement,2.210734902204738
patent,2.2081341205046807
communities,2.204060795117045
removal,2.204060795117045
content,2.198655376550137
examples,2.198655376550137
jobs,2.1952307156687727
overall,2.1799632435379843
via,2.1799632435379843
stephen,2.1799632435379843
manned,2.1799632435379843
enabled,2.1799632435379843
actively,2.1799632435379843
specialized,2.1799632435379843
functional,2.1799632435379843
episode,2.1799632435379843
assembled,2.1799632435379843
aged,2.1799632435379843
ignorant,2.1799632435379843
arts,2.1799632435379843
faster,2.1799632435379843
shelf,2.1799632435379843
exclusively,2.1799632435379843
benjamin,2.1799632435379843
max,2.1799632435379843
20th,2.1799632435379843
strengthening,2.1799632435379843
learn,2.1799632435379843
industries,2.1799632435379843
classroom,2.1799632435379843
tank,2.1799632435379843
choices,2.1799632435379843
explore,2.1799632435379843
milling,2.1799632435379843
functioning,2.1799632435379843
officially,2.1799632435379843
deliver,2.1799632435379843
technicians,2.1799632435379843
collaboration,2.1799632435379843
vapor,2.1799632435379843
commercial,2.163433941586774
firms,2.1616141048697877
device,2.1616141048697877
cultural,2.1616141048697877
cleaning,2.15256426934987
music,2.151792366571288
magazines,2.139141249017729
pack,2.139141249017729
component,2.139141249017729
produce,2.129952822963323
definition,2.1258960222677086
broader,2.1258960222677086
box,2.121122743515051
independent,2.121122743515051
message,2.1154247224004132
site,2.1154247224004132
temporary,2.1154247224004132
referred,2.1109703720510327
material,2.1085042795558393
tips,2.099920535864448
entry,2.099920535864448
suggesting,2.099920535864448
manifold,2.099920535864448
transparent,2.099920535864448
emerged,2.099920535864448
fictional,2.099920535864448
derive,2.099920535864448
experimentation,2.099920535864448
fusion,2.099920535864448
hull,2.099920535864448
developing,2.099920535864448
conservation,2.099920535864448
promoting,2.099920535864448
ireland,2.099920535864448
creates,2.099920535864448
code,2.099920535864448
supplying,2.099920535864448
award,2.0889914653322577
issues,2.0846530637336596
benefits,2.0846530637336596
retail,2.074602727880158
socialism,2.074602727880158
alliance,2.074602727880158
tool,2.074602727880158
cooperative,2.074602727880158
thereafter,2.074602727880158
process,2.060903883521996
storage,2.0499101152897867
musicians,2.0499101152897867
please,2.041812905057167
knowledge,2.0395114080688876
le,2.025812563710726
prose,2.025812563710726
philip,2.025812563710726
ultraviolet,2.025812563710726
columbus,2.025812563710726
sunset,2.025812563710726
mode,2.025812563710726
envelope,2.025812563710726
intimate,2.025812563710726
organs,2.025812563710726
heritage,2.025812563710726
speakers,2.025812563710726
psychology,2.025812563710726
discuss,2.025812563710726
nuts,2.025812563710726
beam,2.025812563710726
claimed,2.025812563710726
projected,2.025812563710726
increasingly,2.025812563710726
replacement,2.025812563710726
traditional,2.0129091588748182
energy,2.0056098563932068
grown,2.002282066300532
marketing,2.002282066300532
perform,1.990721243899456
building,1.987591350890528
membership,1.9838483646116938
trucks,1.979292548075833
expensive,1.979292548075833
reliable,1.979292548075833
sources,1.979292548075833
extensive,1.979292548075833
errors,1.979292548075833
books,1.9723238787597397
illustrated,1.9702427125559152
introduced,1.9663891432399252
common,1.965748322968076
potential,1.9642546707112927
impact,1.9642546707112927
meaning,1.960748970363664
molding,1.9568196922237746
onto,1.9568196922237746
liberalism,1.9568196922237746
brain,1.9568196922237744
associated,1.940290390272564
soft,1.940290390272564
assessment,1.9348407855049994
trend,1.9348407855049994
manufacturer,1.9348407855049994
registered,1.9348407855049994
allowing,1.9240298694007836
revolution,1.9204520480528995
similar,1.9112091809717222
companies,1.903709866909826
product,1.903709866909826
machine,1.9019430819979404
built,1.9019430819979404
equipment,1.898251338072707
estimates,1.8922811710862033
wanting,1.8922811710862033
audiences,1.8922811710862033
greece,1.8922811710862033
earn,1.8922811710862033
discussing,1.8922811710862033
resources,1.8922811710862033
collective,1.8922811710862033
networks,1.8922811710862033
voltage,1.8922811710862033
categories,1.8922811710862033
fee,1.8922811710862033
household,1.8922811710862033
covers,1.8922811710862033
candy,1.8922811710862033
liquid,1.8922811710862033
solar,1.8922811710862033
conjunction,1.8922811710862033
testing,1.8922811710862033
democracy,1.8922811710862033
aspects,1.8922811710862033
tile,1.8922811710862033
orbit,1.8922811710862033
shared,1.8922811710862033
professional,1.8827117200700525
mass,1.8716618838834678
often,1.8675885584958318
involves,1.8675885584958318
artistic,1.8615095124194496
engineers,1.8615095124194496
critical,1.8571898512749332
conferences,1.8514591765659483
flexible,1.8514591765659483
assembly,1.8514591765659483
methods,1.8491089992209946
firm,1.8453241879984323
skill,1.8434910069167714
painting,1.840095417915633
used,1.8332918726104994
phrase,1.8316565492697685
chip,1.8316565492697685
acquisition,1.8316565492697685
based,1.8316565492697685
productivity,1.8316565492697685
easier,1.8316565492697685
bent,1.8316565492697685
vary,1.8316565492697685
summers,1.8316565492697685
related,1.8316565492697685
decades,1.8316565492697685
conventional,1.8316565492697685
awarded,1.8316565492697685
artificial,1.8316565492697685
raymond,1.8316565492697685
campaigns,1.8316565492697685
interaction,1.8316565492697685
distribution,1.8316565492697685
economics,1.8316565492697685
recorded,1.8199605095065774
fashion,1.8170577498486158
indian,1.812238463412667
european,1.8067589976480414
output,1.8026690123965161
producing,1.8026690123965161
generally,1.7969709912818785
august,1.7931902684419725
advanced,1.7931902684419725
homes,1.790498476776261
library,1.790498476776261
features,1.786920655428377
needed,1.7851365336348757
free,1.7821904810529754
items,1.77449813542982
company's,1.77449813542982
designer,1.77449813542982
includes,1.77449813542982
jim,1.77449813542982
representation,1.77449813542982
distributed,1.77449813542982
jackson,1.77449813542982
griffith,1.77449813542982
consisting,1.77449813542982
manufacture,1.77449813542982
surplus,1.77449813542982
autonomy,1.77449813542982
initially,1.77449813542982
mechanisms,1.77449813542982
complex,1.7634482992432348
individuals,1.760704813297484
maintenance,1.7587497784616808
conducted,1.7561489967616233
wave,1.7525192287110447
legislation,1.7525192287110447
creation,1.7525192287110447
systems,1.7509676380196257
noise,1.7470991612417055
original,1.734888997334774
removed,1.7336761409095647
intellectual,1.727978119794927
dictionary,1.7204309141595442
tangible,1.7204309141595442
crown,1.7204309141595442
patents,1.7204309141595442
simultaneously,1.7204309141595442
including,1.7204309141595442
vincent,1.7204309141595442
quality,1.7204309141595442
notes,1.7204309141595442
list,1.7204309141595442
produces,1.7204309141595442
plantation,1.7204309141595442
mechanics,1.7204309141595442
spell,1.7204309141595442
movable,1.7204309141595442
rights,1.7073588325921913
avoid,1.703039171447675
jet,1.703039171447675
fees,1.703039171447675
previously,1.703039171447675
regulations,1.703039171447675
style,1.689340327089513
organization,1.6846418063079587
offer,1.6691376197719936
physically,1.6691376197719936
worker,1.6691376197719936
expanded,1.6691376197719936
directions,1.6691376197719936
dominated,1.6691376197719936
vacuum,1.6691376197719936
rises,1.6691376197719936
produced,1.6691376197719936
improvements,1.6691376197719936
research,1.6632725003195954
principles,1.654952984780037
continues,1.6444450071816221
writes,1.6444450071816221
legal,1.6409667428052972
successfully,1.6363477969490026
international,1.6363477969490026
films,1.6363477969490026
selling,1.6363477969490026
ceiling,1.6363477969490026
competitive,1.6363477969490026
requirements,1.6323236466492772
saving,1.6203474556025617
profits,1.6203474556025617
traditions,1.6203474556025617
particle,1.6203474556025617
crack,1.6203474556025617
inclined,1.6203474556025617
port,1.6203474556025617
garage,1.6203474556025617
theoretical,1.6203474556025617
applied,1.6108687116480178
variety,1.6085129979555586
musical,1.6085129979555586
developed,1.6085129979555586
variation,1.6045990986344223
cooking,1.6045990986344223
initiative,1.6045990986344223
education,1.6014789712981787
raw,1.5968169581923675
tend,1.5968169581923675
price,1.5921765786358653
example,1.5908057765020864
space,1.5900002992132698
share,1.5839798114316868
science,1.581432039352888
damage,1.5738274399676688
vienna,1.5738274399676688
regularly,1.5738274399676688
mess,1.5738274399676688
participate,1.5738274399676688
strategy,1.5738274399676688
industrial,1.5738274399676688
standard,1.5738274399676688
valid,1.5738274399676688
community,1.5738274399676688
owner,1.5738274399676688
market,1.5673549254620511
flat,1.558789562603128
various,1.558789562603128
chinese,1.5558089344649904
adopted,1.55135458411561
contain,1.55135458411561
application,1.5439744768179877
folk,1.5439744768179877
currently,1.5439744768179877
initial,1.5439744768179877
canada,1.5439744768179877
roles,1.5439744768179877
appropriate,1.5439744768179877
anticipated,1.529375677396835
expectations,1.529375677396835
plates,1.529375677396835
don,1.529375677396835
liberty,1.529375677396835
difficulties,1.529375677396835
spencer,1.529375677396835
channels,1.529375677396835
substrate,1.529375677396835
encouraging,1.529375677396835
current,1.5245563909608861
services,1.522155429423348
book,1.5217323280842667
india,1.5207176146537202
working,1.5193922334126517
sometimes,1.5179989904147269
routine,1.5149869399447353
waste,1.5149869399447353
context,1.5149869399447353
stores,1.5149869399447353
educational,1.5149869399447353
movements,1.5078694721758714
practice,1.5078694721758714
works,1.5020835351088273
series,1.5020835351088273
use,1.5019297007880872
construction,1.4972873628453345
main,1.4951843126485556
ideas,1.4937847322941322
biggest,1.486816062978039
characters,1.486816062978039
workshop,1.486816062978039
allow,1.486816062978039
technique,1.486816062978039
masters,1.486816062978039
maintain,1.486816062978039
managed,1.486816062978039
fields,1.486816062978039
full-time,1.486816062978039
tended,1.486816062978039
radio,1.486816062978039
extension,1.486816062978039
cheap,1.486816062978039
cost,1.48243968837824
shape,1.474981605331036
weapons,1.4702867610268282
prices,1.4702867610268282
employed,1.4661967757753032
food,1.4661967757753032
require,1.463285565567845
approach,1.4621234503876674
readers,1.4594170887899247
sets,1.4540262401550479
jersey,1.4459940684577839
productive,1.4459940684577839
groups,1.4459940684577839
desired,1.4459940684577839
tim,1.4459940684577839
wide,1.4459940684577839
carolina,1.4459940684577839
relationship,1.440296047343146
benefit,1.438025898808607
experts,1.4327488417077632
contains,1.4327488417077632
foundation,1.4327488417077632
quickly,1.4289964920892129
begun,1.426191441161604
david,1.426191441161604
specific,1.4240151617390087
explain,1.4222775418404678
resolution,1.4222775418404678
quoted,1.4067733553045025
marginal,1.4067733553045025
one's,1.4067733553045025
mutual,1.4067733553045025
part-time,1.4067733553045025
typical,1.4067733553045025
sophisticated,1.4067733553045025
electricity,1.4067733553045025
eventually,1.4067733553045025
phenomena,1.4067733553045025
kingdom,1.4067733553045025
instruction,1.4067733553045025
estimate,1.4067733553045025
derived,1.4067733553045025
california,1.4067733553045025
switches,1.4067733553045025
centers,1.4067733553045025
structure,1.4067733553045025
paying,1.4067733553045025
gear,1.4067733553045025
overcome,1.4067733553045025
listening,1.4067733553045025
property,1.4067733553045025
preferred,1.4067733553045025
identify,1.4067733553045025
philosophical,1.4067733553045025
range,1.4003835572057315
social,1.3988472900320816
july,1.3915058831737142
properties,1.3915058831737142
goals,1.3814555473202126
notion,1.3814555473202126
laboratory,1.3814555473202126
languages,1.3814555473202126
reference,1.3764680058091736
especially,1.3690330273216555
germany,1.3690330273216555
refer,1.3690330273216553
injury,1.3690330273216553
description,1.3690330273216553
fiber,1.3690330273216553
oral,1.3690330273216553
marshall,1.3690330273216553
concepts,1.3690330273216553
established,1.3690330273216553
observation,1.3690330273216553
terms,1.3628791617472773
electric,1.361652920024033
available,1.360836260117477
instance,1.3567629347298413
sell,1.3567629347298413
francisco,1.3567629347298413
psychological,1.3567629347298413
fed,1.3567629347298413
brothers,1.3567629347298413
game,1.356762934729841
china,1.3470541206028803
company,1.3463642275089425
cure,1.3326653831507806
meetings,1.3326653831507806
consistent,1.3326653831507806
particles,1.3326653831507806
profit,1.3326653831507806
folklore,1.3326653831507806
marks,1.3326653831507806
apply,1.3326653831507806
academic,1.3326653831507806
unlike,1.3326653831507806
june,1.3225130116867627
capital,1.3208309255037778
requires,1.3149658060513798
artist,1.3149658060513798
external,1.3091348857405867
workers,1.3091348857405867
activities,1.306232126082625
scenes,1.2975740633395105
electron,1.2975740633395105
applying,1.2975740633395105
minor,1.2975740633395105
vigorous,1.2975740633395105
players,1.2975740633395105
albert,1.2975740633395105
younger,1.2861453675158878
changing,1.2861453675158878
sale,1.2861453675158878
confused,1.2861453675158878
active,1.2861453675158878
mostly,1.2861453675158878
budget,1.2804796299802104
solution,1.2804796299802104
gun,1.2804796299802104
claims,1.27709553199597
widespread,1.2636725116638292
scale,1.2636725116638292
sponsored,1.2636725116638292
era,1.2636725116638292
consequence,1.2636725116638292
stem,1.2636725116638292
radical,1.2636725116638292
fence,1.2636725116638292
task,1.2636725116638292
dates,1.2636725116638292
entirely,1.2526226754772443
possibly,1.2471432097126187
courses,1.2471432097126187
physical,1.241693604945054
equivalent,1.241693604945054
insurance,1.241693604945054
decade,1.241693604945054
seriously,1.241693604945054
violence,1.241693604945054
author,1.241693604945054
identified,1.241693604945054
designed,1.2355016346971328
growing,1.2355016346971328
identical,1.2308826888408384
shock,1.2308826888408384
mainly,1.2308826888408384
involve,1.2308826888408384
panel,1.2308826888408384
internal,1.2308826888408384
help,1.2276620741407962
prior,1.2201873997240904
someone,1.2201873997240904
contact,1.2148823474943973
method,1.213120232500998
economy,1.2117127727331183
concluded,1.199133990526258
factory,1.199133990526258
kids,1.199133990526258
depending,1.199133990526258
conference,1.199133990526258
screen,1.199133990526258
formal,1.199133990526258
van,1.199133990526258
contemporary,1.199133990526258
remote,1.199133990526258
located,1.199133990526258
lacking,1.199133990526258
awareness,1.199133990526258
maintained,1.199133990526258
intelligence,1.199133990526258
beginning,1.1744413779358867
filed,1.1683623318595044
influence,1.1683623318595044
drill,1.1683623318595044
elected,1.1683623318595044
branch,1.1683623318595044
poland,1.1683623318595044
nights,1.1683623318595044
gets,1.1683623318595044
prevent,1.1623200174035417
spread,1.1623200174035417
chain,1.1583119960060029
welcome,1.1583119960060029
places,1.1583119960060029
collection,1.150343826356826
work,1.1424386468497125
also,1.1403785281325267
worst,1.1385093687098233
characteristic,1.1385093687098233
lists,1.1385093687098233
italy,1.1385093687098233
lee,1.1385093687098233
necessarily,1.138509368709823
october,1.138509368709823
classes,1.138509368709823
warren,1.138509368709823
members,1.1323365096027422
technical,1.1301411190393067
politics,1.1239105692886706
connection,1.1239105692886706
instead,1.121016211262306
art,1.1190912828527217
role,1.1190912828527217
french,1.1166903213151833
buy,1.109521831836571
known,1.109521831836571
latest,1.109521831836571
grade,1.109521831836571
vehicle,1.109521831836571
meets,1.109521831836571
owners,1.109521831836571
suggested,1.109521831836571
recently,1.105448506448935
development,1.1050206989557791
key,1.1038238107219334
home,1.1012611148292042
vehicles,1.100043087882027
negative,1.100043087882027
experiences,1.100043087882027
january,1.100043087882027
version,1.100043087882027
compared,1.0953371968446146
published,1.0925242554679997
university,1.090653347532188
crew,1.0813509548698745
guide,1.0813509548698745
risk,1.0813509548698745
sees,1.0813509548698745
peter,1.0813509548698745
noted,1.0813509548698745
football,1.0813509548698745
cards,1.0813509548698745
challenge,1.0813509548698745
type,1.0713006190163732
theme,1.063001816201678
publication,1.063001816201678
generation,1.063001816201678
artists,1.063001816201678
lack,1.063001816201678
item,1.063001816201678
involved,1.060731667667139
individual,1.0602085182960654
piece,1.0578204574596803
direct,1.0578204574596803
paint,1.05395198068176
store,1.05395198068176
positive,1.05395198068176
profession,1.05395198068176
swimming,1.05395198068176
constructed,1.05395198068176
edition,1.05395198068176
ability,1.05395198068176
male,1.05395198068176
increasing,1.05395198068176
navy,1.05395198068176
standards,1.05395198068176
older,1.0485611320468837
labor,1.047217948500416
changes,1.042435538620201
many,1.0417418167748287
rock,1.0405289603496195
highly,1.0378658429301357
became,1.031340534295213
majority,1.027283733599599
moving,1.027283733599599
goods,1.027283733599599
turns,1.0272837335995988
specifically,1.0272837335995988
reception,1.0272837335995988
experimental,1.0272837335995988
paul,1.0272837335995988
formed,1.0272837335995988
needs,1.0272837335995988
successful,1.0272837335995988
added,1.0214528132888057
local,1.0168124337323035
information,1.0160686627794586
useful,1.0098919908877297
liked,1.0098919908877297
unique,1.0098919908877297
neighborhood,1.0098919908877297
status,1.006449646696757
controlled,1.0013082471963382
tv,1.0013082471963382
joint,1.0013082471963382
defined,1.0013082471963382
holes,1.0013082471963382
furthermore,1.0013082471963382
fast,1.0013082471963382
finish,1.0013082471963382
british,0.9927975575284295
exist,0.9927975575284295
parties,0.9927975575284295
reduced,0.9885692214189085
described,0.9759904392120484
chemical,0.9759904392120484
change,0.9759904392120484
existed,0.9759904392120482
automatic,0.9759904392120482
proof,0.9759904392120482
studying,0.9759904392120482
handsome,0.9759904392120482
regarding,0.9759904392120482
exception,0.9759904392120482
according,0.9759904392120482
bob,0.9759904392120482
campaign,0.963567919213491
due,0.9618058042200919
showing,0.9594611372608377
supply,0.9561878119158685
spending,0.9512978266216768
teach,0.9512978266216768
opposed,0.9512978266216768
societies,0.9512978266216768
today's,0.9512978266216768
together,0.9494234118273265
usually,0.946431636970504
achieved,0.9432006163890574
reduce,0.9432006163890574
struggle,0.9432006163890574
interests,0.9391764660893319
less,0.9363119553938721
grow,0.9272002750426163
health,0.9272002750426163
guns,0.9272002750426163
obtain,0.9272002750426163
signal,0.9272002750426163
proposed,0.9272002750426163
comment,0.9272002750426163
reflected,0.9272002750426163
reach,0.9272002750426163
wages,0.9272002750426163
journal,0.9272002750426163
factors,0.9177215310880725
limited,0.9177215310880725
making,0.9153658173956134
post,0.9153658173956133
results,0.9136865558758934
easily,0.9083317907382334
believes,0.9036697776324222
porch,0.9036697776324222
heads,0.9036697776324222
transportation,0.9036697776324222
republic,0.9036697776324222
philosophy,0.9036697776324222
resulting,0.9036697776324222
lead,0.9036697776324221
part,0.8926088302729972
fixed,0.8921089552313461
income,0.889812742970996
rather,0.8833576371784397
origin,0.8806802594077234
laws,0.8806802594077234
recognition,0.8806802594077234
mobile,0.8806802594077234
bottom,0.8806802594077234
written,0.8806802594077234
shoes,0.8806802594077234
fun,0.8806802594077234
cutting,0.8806802594077234
thickness,0.8806802594077234
declared,0.8806802594077234
odd,0.8806802594077234
develop,0.8693807041537901
control,0.8671360342999662
teaching,0.8656423820431829
jury,0.8656423820431829
particular,0.8637784486051201
support,0.8582074035556647
purposes,0.8582074035556647
steel,0.8582074035556647
taxes,0.8582074035556647
medium,0.8582074035556647
africa,0.8582074035556647
large,0.8554334766729395
plans,0.853772806487799
practical,0.8508272962580423
starting,0.8508272962580423
quick,0.8508272962580423
higher,0.8424590465875256
early,0.8416781016044544
although,0.839338919251282
thin,0.8362284968368897
precision,0.8362284968368897
flight,0.8362284968368897
panels,0.8362284968368897
difficult,0.8362284968368895
levels,0.8362284968368895
completed,0.8362284968368895
system,0.8314092104009407
view,0.825417580732674
san,0.82183975938479
calls,0.82183975938479
writing,0.8189866904023836
employment,0.814722291615926
tradition,0.814722291615926
patterns,0.814722291615926
expansion,0.814722291615926
everyone,0.814722291615926
thousands,0.814722291615926
manufacturers,0.814722291615926
sold,0.814722291615926
grant,0.814722291615926
essentially,0.814722291615926
boards,0.814722291615926
discussion,0.814722291615926
window,0.8020371320886103
points,0.800637551734187
sense,0.7968791580483419
become,0.7964505253799704
additional,0.7936688824180936
mile,0.7936688824180936
limit,0.7936688824180936
platform,0.7936688824180936
service,0.7840994314019429
follow,0.7833060953825471
included,0.7833060953825471
economic,0.7812463624195365
advantage,0.7798755602857579
industry,0.7759693053186927
speaker,0.773049595215358
burning,0.773049595215358
incident,0.773049595215358
november,0.7662699082299793
problems,0.7649194691321077
data,0.7643412673235737
low,0.7643412673235737
manner,0.7608790595951027
human,0.7561857891633531
motors,0.7528468878978386
convinced,0.7528468878978386
fundamental,0.7528468878978386
advertising,0.7528468878978386
engine,0.7528468878978386
institute,0.7528468878978386
pair,0.7528468878978386
courts,0.7528468878978386
region,0.7396016611478179
united,0.7382175778818796
press,0.7369735387415483
foods,0.7330442606016586
achieve,0.7330442606016586
arthur,0.7330442606016586
estate,0.7330442606016586
demand,0.7330442606016586
around,0.731263316230664
ways,0.7291303612805224
address,0.726529579580465
people,0.726529579580465
response,0.726529579580465
studies,0.7232880856562943
date,0.7232880856562943
north,0.7232880856562943
growth,0.7200570650748478
history,0.7136261747445573
smaller,0.7136261747445573
paper,0.7072363766457863
business,0.7059633019989882
mentioned,0.7008871489671276
separate,0.7008871489671276
form,0.6972770367430278
make,0.6958366331810589
handle,0.6945779797738628
military,0.6945779797738628
practices,0.6945779797738628
windows,0.6945779797738628
administrative,0.6945779797738628
see,0.6900339927277369
russian,0.6883083667602673
simple,0.6883083667602673
fully,0.6883083667602673
attitude,0.6851882394240236
aid,0.6833208252492282
cells,0.6758858467617102
provides,0.6758858467617102
preparation,0.67588584676171
provide,0.67588584676171
phone,0.67588584676171
smith,0.67588584676171
result,0.6717790648090567
third,0.6706087896608663
word,0.6611796993720148
wood,0.6575367080935137
games,0.6575367080935137
improved,0.6575367080935137
demands,0.6575367080935137
extended,0.6575367080935137
britain,0.6575367080935137
identity,0.6575367080935137
size,0.653906940042935
slightly,0.6514943936375511
living,0.6497747027580245
pool,0.6484868725735957
english,0.6446333032576059
personal,0.6395182025908355
september,0.6395182025908354
14,0.6395182025908354
center,0.6395182025908354
anyone,0.6395182025908354
wheel,0.6395182025908354
entitled,0.6395182025908354
agency,0.6395182025908354
minds,0.6395182025908354
named,0.6395182025908354
choice,0.6306292551735893
things,0.6285891320586451
relatively,0.6276837449438325
addition,0.625333567598879
problem,0.6234147950242566
becoming,0.6218186254914345
combination,0.6218186254914345
professor,0.6218186254914345
spot,0.6218186254914345
value,0.619315495273316
play,0.619315495273316
trade,0.6183159949402325
scientific,0.6159877051806413
allowed,0.6159877051806413
national,0.6097460442571652
activity,0.6044268827795652
causes,0.6044268827795652
stone,0.6044268827795652
touch,0.6044268827795652
perfect,0.6044268827795652
person,0.6044268827795652
effort,0.6044268827795651
paid,0.6044268827795651
world,0.599331330352965
new,0.5976763201698347
carry,0.5929981869559425
announced,0.5929981869559425
area,0.5888744697720804
repeated,0.5873324494202651
tree,0.5873324494202651
novel,0.5873324494202651
sexual,0.5873324494202651
century,0.5849140685559836
names,0.5816986317020092
london,0.5816986317020092
image,0.5788935807744003
late,0.5760963761533393
american,0.5722812578061489
machinery,0.5705253311038839
keeping,0.5705253311038839
corporation,0.5705253311038838
kitchen,0.5705253311038838
countries,0.5638807883852153
march,0.5622265282891888
security,0.5594754949172989
feelings,0.5539960291526733
de,0.5539960291526733
greek,0.5539960291526733
pieces,0.5485464243851087
start,0.5442080227865105
called,0.5427106429210068
careful,0.537735508280893
drove,0.537735508280893
december,0.537735508280893
portion,0.537735508280893
rising,0.537735508280893
number,0.522793928282694
wind,0.5217351669344519
powerful,0.5217351669344519
experiment,0.5217351669344519
unusual,0.5217351669344519
following,0.5194701603035997
proper,0.5164581098336081
efforts,0.5138299874273387
somewhat,0.5138299874273387
nature,0.5112087539474643
done,0.5091167029752405
primarily,0.5059868099663127
towards,0.5059868099663127
wall,0.5059868099663127
giving,0.5059868099663127
primary,0.5059868099663127
planning,0.4982046695242578
others,0.4966554825374284
future,0.49268284433994985
schools,0.4904826234303475
entered,0.48536752276357714
claim,0.48536752276357714
need,0.48351395411425413
school,0.4792637398255592
substantial,0.47521515129955905
page,0.47521515129955905
capable,0.47521515129955905
experiments,0.47521515129955905
search,0.47521515129955905
facilities,0.4651648154460576
asking,0.46017727393501856
appeared,0.4527422954475004
leading,0.44536218814987794
flow,0.44536218814987794
won,0.44536218814987794
stands,0.44536218814987794
directed,0.44536218814987794
statements,0.44536218814987794
policies,0.44536218814987794
basic,0.4394970686974798
water,0.43859778806133576
comes,0.43803614805780505
several,0.437372798116399
reasons,0.4356060132045133
whole,0.43560601320451314
means,0.43237499262306667
texas,0.4307633887287252
seek,0.4307633887287252
covered,0.42594410229277635
despite,0.42594410229277635
different,0.42594410229277624
began,0.42594410229277624
seen,0.4199524726245095
sections,0.4163746512766256
outside,0.4163746512766256
rome,0.4163746512766256
nations,0.4163746512766256
communism,0.4163746512766256
stage,0.4163746512766256
station,0.4163746512766256
drawn,0.4163746512766256
costs,0.41067663016198797
directly,0.40925718350776163
april,0.4021900162846692
historical,0.4021900162846692
serve,0.3975061669722428
well,0.39154267557544375
within,0.3909854172718061
accept,0.38820377430992925
wants,0.38820377430992925
effects,0.38820377430992925
show,0.38820377430992925
plus,0.38820377430992925
hill,0.38820377430992925
later,0.3856817048772195
wrote,0.3826635939343138
complete,0.3771539381233442
public,0.37441045217759344
writers,0.37441045217759344
particularly,0.37441045217759344
brother,0.37441045217759344
completely,0.3698546356417327
fall,0.3675844871071937
interior,0.3608048001218148
light,0.3608048001218148
contrast,0.3608048001218148
gain,0.3608048001218148
cases,0.3608048001218148
jewish,0.3608048001218148
selected,0.3608048001218148
fourth,0.3608048001218148
france,0.3473817797896741
murder,0.3473817797896741
official,0.3473817797896741
fit,0.3473817797896741
turning,0.3473817797896741
personnel,0.3473817797896741
call,0.3447186623701905
greater,0.3447186623701905
order,0.3447186623701905
pattern,0.34294718272180835
staff,0.34294718272180835
considered,0.34073723707100556
section,0.33941361014049726
gives,0.3341365530396536
buildings,0.33413655303965345
editor,0.3210644714723007
love,0.3210644714723007
solid,0.3210644714723007
title,0.3210644714723007
types,0.31674481032778434
green,0.31674481032778434
serious,0.31674481032778434
ones,0.31674481032778434
started,0.3133024661368116
without,0.31158572751775687
women,0.3081610666363929
idea,0.3081610666363929
door,0.30816106663639276
enter,0.30816106663639276
training,0.30816106663639276
looks,0.30816106663639276
learned,0.30816106663639276
middle,0.2996503769684841
character,0.2996503769684841
experience,0.29723199610420264
differences,0.2954220408589631
expression,0.2954220408589631
bring,0.2954220408589631
surface,0.2828432586521029
states,0.27785571714106394
administration,0.2766127089014669
understanding,0.27454445583740783
immediate,0.27042073865354577
friends,0.27042073865354577
today,0.26865862366014653
charge,0.2663139567008924
eye,0.2663139567008924
immediately,0.2581506460617315
interesting,0.2581506460617315
lower,0.2581506460617315
presented,0.2581506460617315
way,0.2515207875230617
easy,0.25005343582911205
reaction,0.25005343582911205
henry,0.24602928552938658
ship,0.24602928552938658
houses,0.24602928552938658
speed,0.24602928552938658
team,0.24602928552938658
robert,0.24602928552938658
possible,0.2446914926877267
defense,0.24002326146917474
sex,0.23405309448267095
aware,0.23405309448267095
broad,0.23405309448267095
begin,0.23405309448267095
bed,0.22614791497555772
however,0.22312402395048062
ask,0.21830473751453172
simply,0.21635351738327002
citizens,0.21052259707247692
financial,0.21052259707247692
significant,0.21052259707247692
followed,0.21052259707247692
effective,0.21052259707247672
theory,0.21052259707247672
hand,0.20819971565633702
able,0.2058822175159746
group,0.20280055097856667
operating,0.19896177467140083
assistance,0.19896177467140083
units,0.19896177467140083
beyond,0.19323109996241586
perhaps,0.19078511423415542
best,0.19037803098000944
add,0.18753307884777817
check,0.18753307884777817
literature,0.17998587321239518
necessary,0.17848324332786014
find,0.17748274299427666
clothes,0.17623352359384475
kind,0.17142967128119935
certain,0.17142967128119935
us,0.1650602229957194
population,0.15768011569809703
first,0.15694509177672852
union,0.15401038680913437
condition,0.15401038680913437
management,0.15401038680913437
words,0.1503540756060241
southern,0.1503540756060241
seem,0.1474386216459001
among,0.13766124880760505
success,0.13227040017272867
questions,0.12869257882484472
color,0.12869257882484472
try,0.12869257882484472
showed,0.12157511105598069
job,0.10888995152866497
private,0.10574364583929986
behavior,0.10052170185814831
thinking,0.09360125901357448
increased,0.08672837972581253
increase,0.08501751532218306
power,0.0828221247587474
bridge,0.07990241465541263
least,0.07990241465541263
day,0.07844575015894845
major,0.0717722885721624
gas,0.06975004319139466
modern,0.06975004319139466
general,0.06370772873543196
earth,0.059699707337893274
likely,0.053055164619224604
events,0.04974937648472516
director,0.04974937648472516
playing,0.04974937648472516
james,0.04974937648472516
standing,0.04974937648472516
story,0.039897080041713544
rise,0.03989708004171333
end,0.03744909840307342
class,0.02529828062056089
final,0.020478994184611903
interested,0.010909543168461135
another,0.008714152605025515
short,0.0014307992139174735
effect,-0.0032750918234952563
college,-0.006088033200109934
continue,-0.00795894113592171
distance,-0.017261333798235256
language,-0.026477988903159104
deep,-0.026477988903159104
already,-0.028311169984820073
getting,-0.02953142639004937
clear,-0.03105465593057085
field,-0.031967481187930524
speak,-0.03561047246643162
wish,-0.03561047246643162
shown,-0.04165278692239422
actually,-0.04165278692239422
give,-0.04594648179709364
cars,-0.053628977969109995
taken,-0.057194044133606195
program,-0.05871804747658122
hold,-0.05956371348892452
function,-0.06251792538635603
one,-0.06708483848450182
either,-0.06781361296106629
since,-0.07292218090378887
single,-0.07715947537930402
makes,-0.07715947537930402
corner,-0.08006223503726546
slowly,-0.08006223503726546
force,-0.08006223503726546
returned,-0.08006223503726546
true,-0.08440063663586363
taking,-0.094450972489365
account,-0.0973040414717716
appear,-0.0973040414717716
europe,-0.10581473113968028
along,-0.10863560748132148
made,-0.10937662270604086
society,-0.1100430672492014
steps,-0.11425359978554493
served,-0.11425359978554493
determined,-0.11425359978554493
reported,-0.11425359978554493
found,-0.11518687096854334
line,-0.11593286130526484
attention,-0.11705080440660603
small,-0.1263187113373876
case,-0.12816202983167688
required,-0.13367168564264645
spirit,-0.13367168564264645
feed,-0.13915115140727197
daily,-0.13915115140727197
important,-0.1473144620464329
larger,-0.147314462046433
kept,-0.1554116722790523
high,-0.1574257716507536
expected,-0.16077361542043758
thus,-0.16184256260934268
given,-0.16876300545391654
come,-0.17141201362549344
forms,-0.17931719313260666
note,-0.17931719313260666
fact,-0.18492573279221627
worked,-0.1871603705936326
longer,-0.1923551874707367
wrong,-0.19494251103568752
george,-0.19494251103568752
seems,-0.19881098781360795
month,-0.20266455712959794
cause,-0.20266455712959794
hot,-0.20266455712959794
opened,-0.21032742987516687
step,-0.21032742987516687
student,-0.21032742987516687
point,-0.21540358290702757
keep,-0.21793202926038627
association,-0.21793202926038627
held,-0.21793202926038627
money,-0.22171275210029226
mean,-0.22296982329034346
soon,-0.22296982329034346
continued,-0.2254792348957692
great,-0.2254792348957692
summer,-0.23296990662492675
trial,-0.23296990662492675
might,-0.23595053476306463
black,-0.24287097760763843
sound,-0.24778499241006752
leave,-0.2526749777042593
record,-0.2551110325021403
body,-0.2623837918312201
better,-0.2623837918312201
set,-0.2623837918312201
time,-0.26929119763103104
every,-0.278811265973168
weeks,-0.2838899970521837
throughout,-0.2838899970521837
run,-0.2862512732378635
head,-0.2862512732378635
students,-0.29095716427527624
place,-0.2944721063827206
whether,-0.29797473693392273
yes,-0.3049434062500161
john,-0.31048358662563147
put,-0.3164510131014958
earlier,-0.31873672838235184
name,-0.3255626934527516
stock,-0.3255626934527516
house,-0.3306517629602229
william,-0.33234238043813047
entire,-0.3390764126194746
meet,-0.3390764126194746
second,-0.3404177944436758
times,-0.34576540077027124
voice,-0.35019999783813693
age,-0.35461501604725376
congress,-0.35901062752029184
side,-0.36163874992656136
full,-0.3677443074890464
came,-0.38177583829330425
natural,-0.38498611392355253
even,-0.38498611392355253
still,-0.38754693478522606
areas,-0.39349680359146116
reason,-0.41446193205650594
subject,-0.41653447165847846
boy,-0.4186027247225375
indeed,-0.4227264419063995
medical,-0.4227264419063995
street,-0.42683322385905287
trying,-0.4288803074807778
rest,-0.4288803074807778
now,-0.4365197640387353
interest,-0.44107558057459606
old,-0.44258958540581106
whose,-0.4551179376976348
reached,-0.4650288215970889
air,-0.47874108346107086
real,-0.48262458348746856
read,-0.4941854058885445
hours,-0.4941854058885445
inside,-0.4941854058885445
report,-0.4941854058885445
take,-0.49582609534600436
forces,-0.49991608059752946
though,-0.5056141017121671
period,-0.5093948245520733
conditions,-0.5280869575642259
return,-0.5280869575642259
car,-0.5427931049539212
east,-0.5446162595154362
half,-0.5464360962324223
really,-0.5464360962324223
week,-0.5464360962324223
basis,-0.5500658642830009
pressure,-0.5554859317523403
values,-0.5608767803872167
much,-0.5683754764783373
across,-0.5715720695039647
days,-0.592625478701797
young,-0.5952262604018543
america,-0.6029882657373434
minutes,-0.6132447659045327
red,-0.6183338354120039
law,-0.6301085719565376
look,-0.6309443430039336
tax,-0.6384350147330912
york,-0.6400920159407207
good,-0.6409194880607532
two,-0.6419823756718894
hard,-0.6433978040752202
evidence,-0.653250100518232
will,-0.6536956340519995
life,-0.6546496808726552
therefore,-0.6581400858124237
matter,-0.6597647815394255
rate,-0.6774643586388265
took,-0.6964222723834406
level,-0.6964222723834406
child,-0.6964222723834406
back,-0.7042165441102594
feel,-0.7104085143581805
year,-0.7257227493312229
six,-0.728757653026377
family,-0.7317833739429139
policy,-0.7378074885462949
department,-0.7512305088784357
something,-0.7512305088784357
ever,-0.7703066559392493
war,-0.7818674783403253
turn,-0.7861685602397159
saw,-0.7932961741639482
years,-0.8052977301487114
board,-0.811593658605526
south,-0.8157690300160068
position,-0.8199270401646703
per,-0.8458670611732861
upon,-0.8465406886827604
present,-0.8619101860138618
office,-0.8763936518324416
room,-0.880307551153578
question,-0.8842061915692353
behind,-0.8880896915956328
thought,-0.8900258006224993
probably,-0.8996505139967088
city,-0.9034746104351121
next,-0.9060159078637847
asked,-0.9161170038502887
government,-0.9651464310906074
yet,-0.9675359184879888
quite,-0.9734847760077613
act,-0.9805770043172529
far,-0.9841043448352216
enough,-0.9934502072534592
long,-1.0415756987497002
three,-1.055441883281427
course,-1.0717024041532075
turned,-1.1034511024677878
country,-1.1158736224663448
mind,-1.118955289003753
want,-1.128143715058159
thing,-1.1432725966544592
say,-1.1522412666372197
children,-1.207247896149431
said,-1.2115918406319364
felt,-1.2128658884536545
men,-1.2792409573985273
going,-1.3240915235638788
must,-1.3395108790485437
right,-1.3480299345020623
nothing,-1.35372332117025
against,-1.3706115391987719
think,-1.4058678346765052
away,-1.4576229161884013
always,-1.4619992907882002
went,-1.5636411102651986
go,-1.774480477774114
last,-1.8513231827169796
man,-2.025558219663383
state,-2.0284537749439644
little,-2.0577599015294634
