additive,6.250989607578818
printer,5.879426051146336
printing,5.635229090634293
digital,5.4094224219006
franchise,5.1454568760661346
users,5.0809183549285635
global,5.0809183549285635
citation,5.011925483441612
bending,4.980834896371581
deposition,4.829603926647658
do-it-yourself,4.7707634266247245
manufacturing,4.736077868636834
homeowners,4.6754532468204
computers,4.6754532468204
non-profit,4.6754532468204
template,4.6754532468204
hardware,4.6754532468204
evolutionary,4.675453246820399
junk,4.675453246820399
jargon,4.675453246820399
layer,4.632893632401603
fabrication,4.610914725682828
bug,4.541921854195876
hack,4.493131690026445
lab,4.493131690026445
zealand,4.493131690026445
coined,4.493131690026445
individualist,4.493131690026445
portal,4.493131690026445
computer,4.461879146522341
media,4.461879146522341
commons,4.387771174368618
consumers,4.3500308463857715
maker,4.33061276052867
circuit,4.28079905481645
surname,4.269988138712235
enthusiasts,4.269988138712235
eric,4.269988138712235
prototype,4.269988138712235
fused,4.269988138712235
catalog,4.269988138712235
user,4.205449617574664
manuals,4.205449617574664
drywall,4.205449617574664
modular,4.205449617574664
wilhelm,4.205449617574664
aerospace,4.205449617574664
installation,4.205449617574664
repair,4.164627623054408
terminology,4.136456746087712
repairs,4.100089101916837
saturn,3.9823060662604544
hobbies,3.9823060662604544
crafts,3.9823060662604544
robots,3.9823060662604544
advertise,3.9823060662604544
programmer,3.9823060662604544
sis,3.9823060662604544
1950s,3.9823060662604544
pursuits,3.9823060662604544
carpentry,3.982306066260454
scanning,3.982306066260454
sheds,3.982306066260454
advent,3.982306066260454
tooling,3.982306066260454
discusses,3.982306066260454
circuits,3.982306066260454
layers,3.982306066260454
ethic,3.982306066260454
austria,3.982306066260454
retrieved,3.8769455506026276
resin,3.8645230306040705
furniture,3.845104944746969
innovation,3.8281553864331954
environmental,3.8281553864331954
usage,3.8281553864331954
amplifier,3.7999845094664995
web,3.7999845094664995
modifications,3.7999845094664995
low-cost,3.7999845094664995
apollo,3.759162514946244
groom,3.759162514946244
risks,3.759162514946244
three-dimensional,3.759162514946244
topic,3.730991637979548
trusting,3.694623993808673
peer,3.694623993808673
2d,3.694623993808673
verification,3.694623993808673
texts,3.694623993808673
architectural,3.694623993808673
emphasizing,3.694623993808673
feedback,3.694623993808673
casting,3.694623993808673
modifying,3.694623993808673
yiddish,3.694623993808673
toy,3.694623993808673
internationally,3.694623993808673
dryer,3.694623993808673
melt,3.694623993808673
fink,3.694623993808673
technology,3.686841853366618
architecture,3.6638523351419194
term,3.5831501273455544
personalized,3.5768409581522898
schematic,3.5768409581522898
emergence,3.5768409581522898
insured,3.5768409581522898
tracking,3.5768409581522898
studs,3.5768409581522898
documentation,3.5768409581522898
labels,3.5768409581522898
improvised,3.5768409581522898
connecting,3.5768409581522898
avoids,3.5768409581522898
diminutive,3.5768409581522898
fixture,3.5768409581522898
printed,3.5768409581522898
inroads,3.5768409581522898
marketplace,3.5768409581522898
licensed,3.5768409581522898
glossary,3.5768409581522898
publish,3.5768409581522898
unskilled,3.5768409581522898
instructional,3.5768409581522898
pioneered,3.5768409581522898
spacecraft,3.5768409581522898
pioneers,3.5768409581522898
mentality,3.5768409581522898
fledgling,3.5768409581522898
design,3.5635957314022693
businesses,3.522773736882014
tools,3.5004679793677154
print,3.4898295811626596
identities,3.471480442494463
motivations,3.471480442494463
cabinets,3.471480442494463
stamping,3.471480442494463
bicycle,3.471480442494463
virtual,3.471480442494463
access,3.443309565527767
firearms,3.4226902783250313
metals,3.4226902783250313
cable,3.4226902783250313
backgrounds,3.4226902783250313
origins,3.4226902783250313
distressing,3.4226902783250313
economies,3.4226902783250313
fix,3.4226902783250313
sites,3.406941921356892
typically,3.406941921356892
applications,3.4024875710075118
projects,3.400384520810733
plumbing,3.394519401358335
format,3.394519401358335
consumer,3.3892423442574913
bands,3.376170262690138
globe,3.3632668578542306
files,3.3632668578542306
project,3.3415268712178245
focusing,3.289158885700509
spurred,3.289158885700509
workshops,3.289158885700509
packaged,3.289158885700509
inexpensive,3.289158885700509
surgery,3.289158885700509
sectors,3.2891588857005085
ghana,3.2891588857005085
jocular,3.2891588857005085
pro,3.2891588857005085
electronics,3.2891588857005085
specializing,3.2891588857005085
verb,3.2891588857005085
disciplines,3.2891588857005085
pirate,3.2891588857005085
inventions,3.2891588857005085
spelling,3.2891588857005085
adding,3.2891588857005085
featuring,3.2891588857005085
polymers,3.2891588857005085
homemade,3.2891588857005085
godwin,3.2891588857005085
imparted,3.2891588857005085
embedded,3.2891588857005085
fencing,3.2891588857005085
producer,3.2891588857005085
denote,3.2891588857005085
triangle,3.2891588857005085
complexity,3.2891588857005085
researchers,3.2891588857005085
treasure,3.2891588857005085
amongst,3.2891588857005085
culture,3.2891588857005085
network,3.2201660142135573
spaces,3.1938487058961837
fixing,3.1938487058961837
computing,3.1938487058961837
cameras,3.171375850044125
designing,3.171375850044125
resource,3.171375850044125
manual,3.171375850044125
integrate,3.1350082058732505
unrelated,3.1350082058732505
cured,3.1350082058732505
generating,3.1350082058732505
resistors,3.1350082058732505
processes,3.1173086287738494
corporate,3.1173086287738494
makers,3.1173086287738494
focused,3.106837328906554
creating,3.0999168860619806
magazine,3.0913331423705888
wire,3.077849792033302
rig,3.066015334386299
journals,3.066015334386299
installing,3.066015334386299
programming,3.066015334386299
tucker,3.066015334386299
serge,3.066015334386299
lynn,3.066015334386299
transaction,3.066015334386299
screws,3.066015334386299
relying,3.066015334386299
cross-section,3.066015334386299
topics,3.066015334386299
facilitate,3.066015334386299
founded,3.066015334386299
professionals,3.066015334386299
mm,3.066015334386299
clients,3.066015334386299
rebuild,3.066015334386299
thrift,3.066015334386299
metal,3.0494860324350883
powder,3.047996828883621
sharing,3.044036427667524
uses,3.0402628382838843
handy,3.0267946212330177
diverse,3.0267946212330177
improve,3.0267946212330177
electronic,3.0208948991058295
components,3.0194953187514058
tasks,3.0129055090723504
devices,3.010445483231488
danish,3.0014768132487277
umbrella,3.0014768132487277
removing,3.0014768132487277
exterior,3.0014768132487277
solving,3.0014768132487277
winner,3.0014768132487277
murray,3.0014768132487277
tech,3.0014768132487277
manufactured,2.970705154581974
varies,2.970705154581974
integrated,2.970705154581974
poorly,2.970705154581974
toys,2.970705154581974
australia,2.970705154581974
multiple,2.9637364852658807
television,2.9606548187284725
wider,2.9408521914322927
create,2.93776099886262
instruments,2.9214341055751913
cutters,2.8836937775923444
album,2.8836937775923444
nail,2.8836937775923444
stewart,2.8836937775923444
definitions,2.8836937775923444
drives,2.8836937775923444
launched,2.8836937775923444
licensing,2.8836937775923444
enables,2.8836937775923444
customer,2.8836937775923444
prizes,2.8836937775923444
clumsy,2.8836937775923444
declines,2.8836937775923444
automation,2.8836937775923444
investments,2.8836937775923444
alvin,2.8836937775923444
gauge,2.8836937775923444
mask,2.8836937775923444
karl,2.8836937775923444
ventilation,2.8836937775923444
identifies,2.8836937775923444
australian,2.8836937775923444
guides,2.8836937775923444
strengthened,2.8836937775923444
challenged,2.8836937775923444
trades,2.8836937775923444
individualism,2.8836937775923444
assemble,2.8836937775923444
domain,2.8836937775923444
technician,2.8836937775923444
humming,2.8836937775923444
parts,2.865836160192338
improvement,2.8583759696080544
designs,2.8473261334214692
aims,2.8191552564547733
article,2.8073207988077704
chains,2.778333261934518
reporter,2.778333261934518
sewing,2.778333261934518
notable,2.778333261934518
deposited,2.778333261934518
norm,2.778333261934518
solve,2.778333261934518
skills,2.7692834264146002
alternative,2.7585306346383383
clever,2.7585306346383383
structures,2.745543439111527
trends,2.7295430977650863
inefficient,2.729543097765086
photography,2.729543097765086
myriad,2.729543097765086
squatting,2.729543097765086
seattle,2.729543097765086
experimenting,2.729543097765086
designers,2.729543097765086
transform,2.729543097765086
swedish,2.729543097765086
broadened,2.729543097765086
spain,2.729543097765086
rigorous,2.729543097765086
boxes,2.729543097765086
performer,2.729543097765086
injection,2.729543097765086
quarterly,2.729543097765086
publishing,2.729543097765086
liability,2.729543097765086
merchandise,2.729543097765086
lending,2.729543097765086
producers,2.729543097765086
custom,2.729543097765086
assisted,2.729543097765086
amateur,2.7093403904475664
selective,2.7013722207983895
commonly,2.694451777953816
quantities,2.6830230821301932
claude,2.6830230821301932
wired,2.6830230821301932
earliest,2.6830230821301932
describes,2.6830230821301932
array,2.6830230821301932
dutch,2.6605502262781346
emerging,2.6605502262781346
men's,2.6473049995281137
organizations,2.644020924326924
using,2.6431584835662654
children's,2.638571319559359
scope,2.6323793493114382
materials,2.6264709126252717
models,2.6170651143383954
initiated,2.5960117051405636
everyday,2.5960117051405636
korea,2.5960117051405636
styles,2.5960117051405636
evolved,2.596011705140563
bells,2.596011705140563
collections,2.596011705140563
scrap,2.596011705140563
carnegie,2.596011705140563
referrals,2.596011705140563
brazil,2.596011705140563
automotive,2.596011705140563
utilizing,2.596011705140563
19th,2.596011705140563
financially,2.596011705140563
shelves,2.596011705140563
practiced,2.596011705140563
decoration,2.596011705140563
spreading,2.596011705140563
plastic,2.596011705140563
model,2.5829396235732105
solutions,2.5609203853292932
engineering,2.5515599425697295
forming,2.5472215409711314
awards,2.5353870833241285
operators,2.5353870833241285
statue,2.5353870833241285
safety,2.5300537373487657
source,2.5300537373487657
object,2.5159689974670267
toilet,2.5159689974670267
enabling,2.5159689974670267
objects,2.5159689974670267
released,2.5159689974670267
wires,2.5159689974670267
invented,2.5159689974670267
melting,2.5007015253362384
meanings,2.5007015253362384
wealth,2.5007015253362384
articles,2.494229010830621
customers,2.490651189482737
concept,2.484093788936578
production,2.4816013539628194
unpaid,2.4782286694841797
guarantee,2.4782286694841797
creativity,2.4782286694841797
finishing,2.4782286694841797
gene,2.4782286694841797
larry,2.4782286694841797
volunteer,2.4782286694841797
refers,2.4782286694841797
introducing,2.4782286694841797
destination,2.4782286694841797
territories,2.4782286694841797
reviews,2.4782286694841797
machines,2.4782286694841797
informal,2.4782286694841797
replacing,2.4782286694841797
alumni,2.4782286694841797
presses,2.4782286694841797
generators,2.4782286694841797
locations,2.4782286694841797
carnival,2.4782286694841797
museum,2.4624803125160404
category,2.4562497627654047
spare,2.4562497627654047
dedicated,2.4562497627654047
enable,2.4562497627654047
originally,2.4562497627654047
engage,2.441861025313305
products,2.435669055065384
widely,2.428957620477397
essay,2.424161448213904
allows,2.424161448213904
guitar,2.424161448213904
file,2.4210702556442314
build,2.418330527903111
environment,2.418330527903111
movie,2.406769705502035
open,2.3946419533759142
include,2.390412463477263
restricted,2.372868153826354
drums,2.372868153826354
collage,2.372868153826354
supports,2.372868153826354
skilled,2.372868153826354
learning,2.372868153826354
discourse,2.3728681538263534
akin,2.3728681538263534
launch,2.3728681538263534
employing,2.3728681538263534
diminished,2.3728681538263534
museums,2.3728681538263534
descriptions,2.3728681538263534
vent,2.3728681538263534
clothing,2.3728681538263534
limitation,2.3728681538263534
cites,2.3728681538263534
forecast,2.3728681538263534
insulation,2.3728681538263534
merge,2.3728681538263534
founder,2.3728681538263534
purchased,2.3728681538263534
invention,2.3728681538263534
miscellaneous,2.3728681538263534
mister,2.3728681538263534
instructions,2.3728681538263534
emma,2.3728681538263534
describe,2.348175541235982
contest,2.3336474406730723
perspective,2.3336474406730723
smart,2.3240779896569217
michigan,2.3240779896569217
availability,2.3240779896569217
remove,2.319758328512405
feature,2.317298302671543
founding,2.3083296326887823
satisfy,2.3083296326887823
translation,2.3083296326887823
channel,2.3083296326887823
references,2.3083296326887823
rapid,2.3005474922467277
creative,2.287710345486047
reconstruction,2.2775579740220286
capabilities,2.2775579740220286
criteria,2.2775579740220286
techniques,2.2775579740220286
publishers,2.2775579740220286
partial,2.2775579740220286
commercially,2.2775579740220286
subsequently,2.2775579740220286
dots,2.2775579740220286
cheaper,2.2775579740220286
pitch,2.2775579740220286
generated,2.2775579740220286
facility,2.2775579740220286
hampshire,2.2775579740220286
unprecedented,2.2775579740220286
tyranny,2.2775579740220286
alternate,2.2775579740220286
zone,2.2775579740220286
adoption,2.2775579740220286
leisure,2.2775579740220286
willingness,2.2775579740220286
locally,2.2775579740220286
libraries,2.25953946851935
advantages,2.25953946851935
possess,2.2477050108723478
significantly,2.2477050108723478
fuel,2.2477050108723478
mechanical,2.2477050108723478
shops,2.2477050108723478
brand,2.2477050108723478
spontaneous,2.2477050108723478
german,2.2477050108723478
focus,2.2393367612018307
visual,2.2393367612018307
publications,2.2331062114511946
authors,2.2331062114511946
craft,2.2331062114511946
electrical,2.2331062114511946
popular,2.230551931646098
created,2.2269142412032736
movement,2.2213182556991526
patent,2.2187174739990954
communities,2.2146441486114594
removal,2.2146441486114594
content,2.2092387300445515
examples,2.2092387300445515
jobs,2.2058140691631873
assembled,2.190546597032399
exclusively,2.190546597032399
episode,2.190546597032399
arts,2.190546597032399
specialized,2.190546597032399
functional,2.190546597032399
learn,2.190546597032399
overall,2.190546597032399
aged,2.190546597032399
choices,2.190546597032399
deliver,2.190546597032399
functioning,2.190546597032399
technicians,2.190546597032399
strengthening,2.190546597032399
milling,2.190546597032399
max,2.190546597032399
benjamin,2.190546597032399
stephen,2.190546597032399
vapor,2.190546597032399
collaboration,2.190546597032399
actively,2.190546597032399
officially,2.190546597032399
faster,2.190546597032399
explore,2.190546597032399
tank,2.190546597032399
20th,2.190546597032399
ignorant,2.190546597032399
via,2.190546597032399
enabled,2.190546597032399
industries,2.190546597032399
classroom,2.190546597032399
shelf,2.190546597032399
manned,2.190546597032399
commercial,2.1740172950811885
firms,2.1721974583642023
device,2.1721974583642023
cultural,2.1721974583642023
cleaning,2.1631476228442845
music,2.1623757200657026
pack,2.1497246025121437
component,2.1497246025121437
magazines,2.1497246025121437
produce,2.1405361764577377
definition,2.136479375762123
broader,2.136479375762123
independent,2.1317060970094657
box,2.1317060970094657
site,2.126008075894828
temporary,2.126008075894828
message,2.126008075894828
referred,2.1215537255454473
material,2.119087633050254
experimentation,2.1105038893588626
code,2.1105038893588626
emerged,2.1105038893588626
fictional,2.1105038893588626
fusion,2.1105038893588626
manifold,2.1105038893588626
entry,2.1105038893588626
conservation,2.1105038893588626
derive,2.1105038893588626
transparent,2.1105038893588626
developing,2.1105038893588626
creates,2.1105038893588626
promoting,2.1105038893588626
supplying,2.1105038893588626
suggesting,2.1105038893588626
hull,2.1105038893588626
ireland,2.1105038893588626
tips,2.1105038893588626
award,2.0995748188266723
issues,2.095236417228074
benefits,2.095236417228074
thereafter,2.0851860813745726
retail,2.0851860813745726
socialism,2.0851860813745726
tool,2.0851860813745726
alliance,2.0851860813745726
cooperative,2.0851860813745726
process,2.071487237016411
storage,2.060493468784201
musicians,2.060493468784201
please,2.052396258551582
knowledge,2.0500947615633027
intimate,2.036395917205141
heritage,2.036395917205141
beam,2.036395917205141
philip,2.036395917205141
envelope,2.036395917205141
increasingly,2.036395917205141
mode,2.036395917205141
replacement,2.036395917205141
nuts,2.036395917205141
organs,2.0363959172051405
sunset,2.0363959172051405
claimed,2.0363959172051405
discuss,2.0363959172051405
ultraviolet,2.0363959172051405
le,2.0363959172051405
prose,2.0363959172051405
columbus,2.0363959172051405
projected,2.0363959172051405
psychology,2.0363959172051405
speakers,2.0363959172051405
traditional,2.023492512369233
energy,2.0161932098876214
marketing,2.0128654197949465
grown,2.0128654197949465
perform,2.0013045973938706
building,1.998174704384943
membership,1.9944317181061084
expensive,1.9898759015702479
errors,1.9898759015702479
trucks,1.9898759015702479
reliable,1.9898759015702479
extensive,1.9898759015702479
sources,1.9898759015702479
books,1.9829072322541546
illustrated,1.9808260660503298
introduced,1.9769724967343398
common,1.9763316764624905
impact,1.9748380242057073
potential,1.9748380242057073
meaning,1.9713323238580789
molding,1.9674030457181892
brain,1.9674030457181892
onto,1.9674030457181892
liberalism,1.9674030457181892
soft,1.9508737437669788
associated,1.9508737437669788
assessment,1.945424138999414
manufacturer,1.945424138999414
registered,1.945424138999414
trend,1.945424138999414
allowing,1.9346132228951982
revolution,1.9310354015473143
similar,1.921792534466137
product,1.9142932204042409
companies,1.9142932204042409
machine,1.912526435492355
built,1.912526435492355
equipment,1.908834691567122
estimates,1.9028645245806182
democracy,1.9028645245806182
liquid,1.9028645245806182
categories,1.9028645245806182
shared,1.9028645245806182
candy,1.902864524580618
covers,1.902864524580618
discussing,1.902864524580618
orbit,1.902864524580618
conjunction,1.902864524580618
voltage,1.902864524580618
earn,1.902864524580618
aspects,1.902864524580618
solar,1.902864524580618
fee,1.902864524580618
wanting,1.902864524580618
testing,1.902864524580618
collective,1.902864524580618
resources,1.902864524580618
audiences,1.902864524580618
networks,1.902864524580618
tile,1.902864524580618
greece,1.902864524580618
household,1.902864524580618
professional,1.8932950735644674
mass,1.8822452373778824
involves,1.8781719119902465
engineers,1.8720928659138643
artistic,1.8720928659138643
critical,1.8677732047693478
flexible,1.862042530060363
assembly,1.862042530060363
conferences,1.862042530060363
methods,1.8596923527154094
firm,1.855907541492847
skill,1.8540743604111862
painting,1.8506787714100479
used,1.843875226104914
related,1.8422399027641834
conventional,1.8422399027641834
easier,1.8422399027641834
acquisition,1.8422399027641831
bent,1.8422399027641831
vary,1.8422399027641831
interaction,1.8422399027641831
phrase,1.8422399027641831
economics,1.8422399027641831
decades,1.8422399027641831
productivity,1.8422399027641831
summers,1.8422399027641831
raymond,1.8422399027641831
based,1.8422399027641831
chip,1.8422399027641831
campaigns,1.8422399027641831
artificial,1.8422399027641831
distribution,1.8422399027641831
awarded,1.8422399027641831
recorded,1.830543863000992
fashion,1.8276411033430304
indian,1.8228218169070816
european,1.817342351142456
output,1.8132523658909308
producing,1.8132523658909308
generally,1.8075543447762932
advanced,1.8037736219363871
august,1.8037736219363871
library,1.8010818302706757
homes,1.8010818302706757
features,1.7975040089227916
needed,1.7957198871292903
free,1.7927738345473903
jim,1.7850814889242346
includes,1.7850814889242346
company's,1.7850814889242346
manufacture,1.7850814889242346
surplus,1.7850814889242346
initially,1.7850814889242346
griffith,1.7850814889242346
mechanisms,1.7850814889242346
jackson,1.7850814889242346
designer,1.7850814889242346
representation,1.7850814889242346
items,1.7850814889242346
consisting,1.7850814889242346
distributed,1.7850814889242346
autonomy,1.7850814889242346
complex,1.7740316527376496
individuals,1.7712881667918987
maintenance,1.7693331319560952
conducted,1.7667323502560381
legislation,1.7631025822054593
creation,1.7631025822054593
wave,1.7631025822054593
systems,1.7615509915140406
noise,1.7576825147361201
original,1.7454723508291887
removed,1.7442594944039795
intellectual,1.7385614732893417
patents,1.7310142676539588
notes,1.7310142676539588
plantation,1.7310142676539588
simultaneously,1.7310142676539588
vincent,1.7310142676539588
including,1.7310142676539588
tangible,1.7310142676539588
mechanics,1.7310142676539588
quality,1.7310142676539588
produces,1.7310142676539588
movable,1.7310142676539588
dictionary,1.7310142676539588
crown,1.7310142676539588
spell,1.7310142676539588
list,1.7310142676539586
rights,1.717942186086606
previously,1.7136225249420898
jet,1.7136225249420898
fees,1.7136225249420898
avoid,1.7136225249420898
regulations,1.7136225249420898
style,1.6999236805839277
organization,1.6952251598023735
directions,1.6797209732664085
worker,1.6797209732664085
dominated,1.6797209732664082
vacuum,1.6797209732664082
physically,1.6797209732664082
produced,1.6797209732664082
expanded,1.6797209732664082
improvements,1.6797209732664082
offer,1.6797209732664082
rises,1.6797209732664082
research,1.6738558538140105
principles,1.665536338274452
continues,1.6550283606760368
writes,1.6550283606760368
legal,1.6515500962997118
successfully,1.6469311504434174
ceiling,1.6469311504434174
films,1.6469311504434174
competitive,1.6469311504434174
selling,1.6469311504434174
international,1.6469311504434174
requirements,1.6429070001436918
particle,1.6309308090969763
profits,1.6309308090969763
traditions,1.6309308090969763
theoretical,1.6309308090969763
garage,1.6309308090969763
inclined,1.6309308090969763
crack,1.6309308090969763
saving,1.6309308090969763
port,1.6309308090969763
applied,1.6214520651424327
developed,1.6190963514499734
variety,1.6190963514499734
musical,1.6190963514499734
cooking,1.6151824521288372
variation,1.6151824521288372
initiative,1.6151824521288372
education,1.6120623247925936
raw,1.6074003116867823
tend,1.6074003116867823
price,1.60275993213028
example,1.6013891299965013
space,1.6005836527076844
share,1.5945631649261016
science,1.5920153928473029
damage,1.5844107934620835
owner,1.5844107934620835
industrial,1.5844107934620835
mess,1.5844107934620832
valid,1.5844107934620832
vienna,1.5844107934620832
standard,1.5844107934620832
strategy,1.5844107934620832
community,1.5844107934620832
regularly,1.5844107934620832
participate,1.5844107934620832
market,1.5779382789564658
flat,1.5693729160975431
various,1.569372916097543
chinese,1.566392287959405
adopted,1.5619379376100249
contain,1.5619379376100249
application,1.5545578303124024
folk,1.5545578303124024
roles,1.5545578303124024
appropriate,1.5545578303124024
initial,1.5545578303124024
currently,1.5545578303124024
canada,1.5545578303124024
plates,1.5399590308912494
anticipated,1.5399590308912494
encouraging,1.5399590308912494
liberty,1.5399590308912494
expectations,1.5399590308912494
substrate,1.5399590308912494
channels,1.5399590308912494
don,1.5399590308912494
difficulties,1.5399590308912494
spencer,1.5399590308912494
current,1.5351397444553008
services,1.5327387829177626
book,1.5323156815786816
india,1.531300968148135
working,1.5299755869070664
sometimes,1.5285823439091417
educational,1.52557029343915
routine,1.52557029343915
waste,1.52557029343915
context,1.52557029343915
stores,1.52557029343915
movements,1.5184528256702858
practice,1.5184528256702858
works,1.512666888603242
series,1.512666888603242
use,1.5125130542825018
construction,1.5078707163397491
main,1.5057676661429702
ideas,1.504368085788547
fields,1.4973994164724538
tended,1.4973994164724538
workshop,1.4973994164724538
masters,1.4973994164724538
characters,1.4973994164724538
full-time,1.4973994164724538
managed,1.4973994164724538
maintain,1.4973994164724538
allow,1.4973994164724538
radio,1.4973994164724538
technique,1.4973994164724538
cheap,1.4973994164724538
extension,1.4973994164724538
biggest,1.4973994164724538
cost,1.4930230418726549
shape,1.4855649588254507
prices,1.480870114521243
weapons,1.480870114521243
food,1.476780129269718
employed,1.476780129269718
require,1.4738689190622596
approach,1.4727068038820823
readers,1.4700004422843393
sets,1.4646095936494627
groups,1.4565774219521987
wide,1.4565774219521987
desired,1.4565774219521985
productive,1.4565774219521985
tim,1.4565774219521985
carolina,1.4565774219521985
jersey,1.4565774219521985
relationship,1.4508794008375607
benefit,1.4486092523030216
foundation,1.443332195202178
experts,1.443332195202178
contains,1.443332195202178
quickly,1.4395798455836275
david,1.436774794656019
begun,1.436774794656019
specific,1.4345985152334233
resolution,1.4328608953348825
explain,1.4328608953348825
sophisticated,1.4173567087989172
eventually,1.4173567087989172
electricity,1.4173567087989172
gear,1.4173567087989172
identify,1.4173567087989172
paying,1.4173567087989172
phenomena,1.4173567087989172
one's,1.4173567087989172
property,1.4173567087989172
centers,1.4173567087989172
overcome,1.4173567087989172
kingdom,1.4173567087989172
california,1.4173567087989172
philosophical,1.4173567087989172
part-time,1.4173567087989172
derived,1.4173567087989172
preferred,1.4173567087989172
structure,1.4173567087989172
quoted,1.4173567087989172
instruction,1.4173567087989172
marginal,1.4173567087989172
typical,1.4173567087989172
listening,1.4173567087989172
switches,1.4173567087989172
mutual,1.4173567087989172
estimate,1.4173567087989172
range,1.4109669107001463
social,1.4094306435264965
july,1.402089236668129
properties,1.402089236668129
laboratory,1.3920389008146272
notion,1.3920389008146272
goals,1.3920389008146272
languages,1.3920389008146272
reference,1.3870513593035885
especially,1.3796163808160702
germany,1.3796163808160702
concepts,1.3796163808160702
fiber,1.3796163808160702
injury,1.3796163808160702
marshall,1.3796163808160702
refer,1.3796163808160702
observation,1.3796163808160702
description,1.3796163808160702
established,1.3796163808160702
oral,1.3796163808160702
terms,1.373462515241692
electric,1.3722362735184477
available,1.3714196136118917
game,1.367346288224256
fed,1.3673462882242557
francisco,1.3673462882242557
sell,1.3673462882242557
psychological,1.3673462882242557
brothers,1.3673462882242557
instance,1.3673462882242557
china,1.357637474097295
company,1.3569475810033573
unlike,1.3432487366451955
particles,1.3432487366451955
marks,1.3432487366451953
cure,1.3432487366451953
apply,1.3432487366451953
academic,1.3432487366451953
profit,1.3432487366451953
consistent,1.3432487366451953
meetings,1.3432487366451953
folklore,1.3432487366451953
june,1.3330963651811774
capital,1.3314142789981924
artist,1.3255491595457944
requires,1.3255491595457944
workers,1.3197182392350013
external,1.3197182392350013
activities,1.3168154795770397
albert,1.3081574168339254
applying,1.3081574168339254
vigorous,1.3081574168339254
scenes,1.3081574168339254
players,1.3081574168339254
electron,1.3081574168339254
minor,1.3081574168339254
mostly,1.2967287210103025
changing,1.2967287210103025
sale,1.2967287210103025
younger,1.2967287210103025
confused,1.2967287210103025
active,1.2967287210103025
budget,1.2910629834746252
solution,1.2910629834746252
gun,1.2910629834746252
claims,1.2876788854903847
radical,1.2742558651582439
sponsored,1.2742558651582439
fence,1.2742558651582439
task,1.2742558651582439
era,1.2742558651582439
scale,1.2742558651582439
stem,1.2742558651582439
dates,1.2742558651582439
widespread,1.2742558651582439
consequence,1.2742558651582439
entirely,1.263206028971659
courses,1.2577265632070334
possibly,1.2577265632070334
seriously,1.2522769584394686
violence,1.2522769584394686
physical,1.2522769584394686
insurance,1.2522769584394686
equivalent,1.2522769584394686
decade,1.2522769584394686
author,1.2522769584394686
identified,1.2522769584394686
growing,1.2460849881915474
designed,1.2460849881915474
identical,1.241466042335253
internal,1.241466042335253
mainly,1.241466042335253
involve,1.241466042335253
panel,1.241466042335253
shock,1.241466042335253
help,1.2382454276352108
prior,1.230770753218505
someone,1.230770753218505
contact,1.2254657009888117
method,1.2237035859954126
economy,1.222296126227533
screen,1.209717344020673
formal,1.209717344020673
maintained,1.209717344020673
intelligence,1.209717344020673
conference,1.209717344020673
awareness,1.2097173440206725
located,1.2097173440206725
lacking,1.2097173440206725
van,1.2097173440206725
remote,1.2097173440206725
kids,1.2097173440206725
factory,1.2097173440206725
depending,1.2097173440206725
contemporary,1.2097173440206725
concluded,1.2097173440206725
beginning,1.1850247314303013
influence,1.178945685353919
branch,1.178945685353919
elected,1.178945685353919
drill,1.178945685353919
filed,1.178945685353919
gets,1.178945685353919
nights,1.178945685353919
poland,1.178945685353919
prevent,1.1729033708979564
spread,1.1729033708979564
welcome,1.1688953495004175
chain,1.1688953495004175
places,1.1688953495004175
collection,1.1609271798512408
work,1.1530220003441276
october,1.149092722204238
necessarily,1.149092722204238
warren,1.149092722204238
classes,1.1490927222042377
characteristic,1.1490927222042377
lists,1.1490927222042377
italy,1.1490927222042377
worst,1.1490927222042377
lee,1.1490927222042377
members,1.142919863097157
technical,1.1407244725337213
politics,1.1344939227830853
connection,1.1344939227830853
instead,1.1315995647567205
art,1.1296746363471364
role,1.1296746363471364
french,1.1272736748095982
suggested,1.1201051853309858
meets,1.1201051853309856
buy,1.1201051853309856
owners,1.1201051853309856
known,1.1201051853309856
grade,1.1201051853309856
latest,1.1201051853309856
vehicle,1.1201051853309856
recently,1.1160318599433499
development,1.1156040524501942
key,1.1144071642163478
home,1.1118444683236188
version,1.1106264413764417
experiences,1.1106264413764417
vehicles,1.1106264413764417
negative,1.1106264413764417
january,1.1106264413764417
compared,1.1059205503390293
published,1.1031076089624146
university,1.1012367010266029
noted,1.0919343083642894
risk,1.0919343083642894
sees,1.0919343083642892
guide,1.0919343083642892
cards,1.0919343083642892
peter,1.0919343083642892
challenge,1.0919343083642892
football,1.0919343083642892
crew,1.0919343083642892
type,1.081883972510788
publication,1.0735851696960927
item,1.0735851696960927
artists,1.0735851696960927
generation,1.0735851696960927
lack,1.0735851696960927
theme,1.0735851696960927
involved,1.0713150211615536
individual,1.0707918717904803
piece,1.0684038109540952
direct,1.0684038109540952
swimming,1.064535334176175
store,1.064535334176175
increasing,1.064535334176175
paint,1.064535334176175
positive,1.064535334176175
ability,1.064535334176175
constructed,1.064535334176175
navy,1.064535334176175
profession,1.064535334176175
edition,1.064535334176175
standards,1.064535334176175
male,1.064535334176175
older,1.0591444855412986
labor,1.0578013019948307
changes,1.0530188921146155
rock,1.0511123138440341
highly,1.0484491964245504
became,1.041923887789628
turns,1.0378670870940137
needs,1.0378670870940137
formed,1.0378670870940137
specifically,1.0378670870940137
majority,1.0378670870940137
successful,1.0378670870940137
reception,1.0378670870940137
goods,1.0378670870940137
moving,1.0378670870940137
paul,1.0378670870940137
experimental,1.0378670870940137
added,1.0320361667832203
local,1.027395787226718
information,1.0266520162738733
useful,1.0204753443821444
liked,1.0204753443821444
neighborhood,1.0204753443821444
unique,1.0204753443821444
status,1.0170330001911714
furthermore,1.011891600690753
defined,1.011891600690753
joint,1.011891600690753
tv,1.011891600690753
holes,1.011891600690753
fast,1.011891600690753
controlled,1.011891600690753
finish,1.011891600690753
exist,1.0033809110228442
parties,1.0033809110228442
british,1.0033809110228442
reduced,0.999152574913323
change,0.9865737927064631
chemical,0.9865737927064631
described,0.9865737927064631
handsome,0.9865737927064628
bob,0.9865737927064628
existed,0.9865737927064628
proof,0.9865737927064628
regarding,0.9865737927064628
automatic,0.9865737927064628
according,0.9865737927064628
studying,0.9865737927064628
exception,0.9865737927064628
campaign,0.9741512727079058
due,0.9723891577145065
showing,0.9700444907552523
supply,0.9667711654102833
opposed,0.9618811801160915
spending,0.9618811801160915
today's,0.9618811801160915
teach,0.9618811801160915
societies,0.9618811801160915
together,0.9600067653217412
usually,0.9570149904649186
achieved,0.9537839698834721
struggle,0.9537839698834721
reduce,0.9537839698834721
interests,0.9497598195837467
less,0.9468953088882867
wages,0.937783628537031
journal,0.937783628537031
guns,0.937783628537031
signal,0.937783628537031
comment,0.937783628537031
reach,0.937783628537031
health,0.937783628537031
grow,0.937783628537031
obtain,0.937783628537031
reflected,0.937783628537031
proposed,0.937783628537031
limited,0.9283048845824873
factors,0.9283048845824873
making,0.925949170890028
post,0.925949170890028
results,0.9242699093703081
easily,0.9189151442326483
porch,0.9142531311268369
transportation,0.9142531311268369
philosophy,0.9142531311268369
resulting,0.9142531311268369
believes,0.9142531311268369
republic,0.9142531311268369
heads,0.9142531311268369
lead,0.9142531311268369
part,0.903192183767412
fixed,0.902692308725761
income,0.9003960964654107
rather,0.8939409906728547
cutting,0.8912636129021382
declared,0.8912636129021382
odd,0.8912636129021381
bottom,0.8912636129021381
recognition,0.8912636129021381
laws,0.8912636129021381
fun,0.8912636129021381
mobile,0.8912636129021381
written,0.8912636129021381
origin,0.8912636129021381
thickness,0.8912636129021381
shoes,0.8912636129021381
develop,0.8799640576482048
control,0.8777193877943809
teaching,0.8762257355375977
jury,0.8762257355375977
particular,0.8743618020995348
africa,0.8687907570500795
taxes,0.8687907570500795
medium,0.8687907570500795
support,0.8687907570500795
purposes,0.8687907570500795
steel,0.8687907570500795
large,0.8660168301673543
plans,0.8643561599822138
starting,0.861410649752457
quick,0.861410649752457
practical,0.861410649752457
higher,0.8530424000819402
early,0.852261455098869
although,0.8499222727456966
levels,0.8468118503313043
difficult,0.8468118503313043
completed,0.8468118503313043
panels,0.8468118503313041
precision,0.8468118503313041
thin,0.8468118503313041
flight,0.8468118503313041
system,0.8419925638953554
view,0.8360009342270887
calls,0.8324231128792047
san,0.8324231128792047
writing,0.8295700438967981
essentially,0.8253056451103407
patterns,0.8253056451103407
employment,0.8253056451103407
tradition,0.8253056451103407
sold,0.8253056451103407
grant,0.8253056451103407
everyone,0.8253056451103407
boards,0.8253056451103407
discussion,0.8253056451103407
thousands,0.8253056451103407
expansion,0.8253056451103407
manufacturers,0.8253056451103407
window,0.8126204855830249
points,0.8112209052286018
sense,0.8074625115427566
become,0.8070338788743854
platform,0.8042522359125084
additional,0.8042522359125084
limit,0.8042522359125084
mile,0.8042522359125084
service,0.7946827848963576
follow,0.7938894488769617
included,0.7938894488769617
economic,0.7918297159139512
advantage,0.7904589137801725
industry,0.7865526588131074
speaker,0.7836329487097726
incident,0.7836329487097726
burning,0.7836329487097726
november,0.7768532617243941
problems,0.7755028226265226
data,0.7749246208179882
low,0.7749246208179882
manner,0.7714624130895174
human,0.7667691426577677
fundamental,0.7634302413922531
motors,0.7634302413922531
pair,0.7634302413922531
institute,0.7634302413922531
courts,0.7634302413922531
convinced,0.7634302413922531
advertising,0.7634302413922531
engine,0.7634302413922531
region,0.7501850146422326
united,0.7488009313762942
press,0.747556892235963
foods,0.7436276140960736
demand,0.7436276140960736
estate,0.7436276140960736
arthur,0.7436276140960736
achieve,0.7436276140960736
around,0.7418466697250788
ways,0.7397137147749371
address,0.7371129330748799
people,0.7371129330748799
response,0.7371129330748799
north,0.7338714391507086
studies,0.7338714391507086
date,0.7338714391507086
growth,0.7306404185692624
smaller,0.7242095282389719
history,0.7242095282389719
paper,0.717819730140201
business,0.7165466554934029
separate,0.7114705024615422
mentioned,0.7114705024615422
form,0.7078603902374425
make,0.7064199866754736
military,0.7051613332682773
handle,0.7051613332682773
windows,0.7051613332682773
administrative,0.7051613332682773
practices,0.7051613332682773
see,0.7006173462221519
simple,0.6988917202546819
fully,0.6988917202546819
russian,0.6988917202546819
attitude,0.6957715929184384
aid,0.6939041787436431
provides,0.6864692002561249
cells,0.6864692002561249
preparation,0.6864692002561249
phone,0.6864692002561249
smith,0.6864692002561249
provide,0.6864692002561249
result,0.6823624183034714
third,0.6811921431552811
word,0.6717630528664293
britain,0.6681200615879284
extended,0.6681200615879284
improved,0.6681200615879284
games,0.6681200615879284
wood,0.6681200615879284
demands,0.6681200615879284
identity,0.6681200615879284
size,0.6644902935373497
slightly,0.6620777471319658
living,0.6603580562524392
pool,0.6590702260680104
english,0.6552166567520203
named,0.6501015560852501
anyone,0.65010155608525
personal,0.65010155608525
minds,0.6501015560852499
september,0.6501015560852499
entitled,0.6501015560852499
14,0.6501015560852499
center,0.6501015560852499
agency,0.6501015560852499
wheel,0.6501015560852499
choice,0.641212608668004
things,0.6391724855530598
relatively,0.6382670984382471
addition,0.6359169210932937
problem,0.6339981485186713
professor,0.6324019789858492
spot,0.6324019789858492
combination,0.6324019789858492
becoming,0.6324019789858492
value,0.6298988487677306
play,0.6298988487677306
trade,0.6288993484346471
scientific,0.6265710586750559
allowed,0.6265710586750559
national,0.6203293977515799
person,0.6150102362739801
touch,0.6150102362739801
activity,0.61501023627398
stone,0.61501023627398
paid,0.61501023627398
perfect,0.61501023627398
causes,0.61501023627398
effort,0.61501023627398
world,0.6099146838473799
new,0.6082596736642495
carry,0.6035815404503572
announced,0.6035815404503572
area,0.5994578232664951
repeated,0.5979158029146798
novel,0.5979158029146798
sexual,0.5979158029146798
tree,0.5979158029146798
century,0.5954974220503982
london,0.5922819851964239
names,0.5922819851964239
image,0.5894769342688152
late,0.586679729647754
american,0.5828646113005637
corporation,0.5811086845982986
machinery,0.5811086845982986
kitchen,0.5811086845982986
keeping,0.5811086845982986
countries,0.57446414187963
march,0.5728098817836034
security,0.5700588484117137
feelings,0.5645793826470881
greek,0.5645793826470881
de,0.5645793826470881
pieces,0.5591297778795233
start,0.5547913762809252
called,0.5532939964154215
drove,0.5483188617753076
rising,0.5483188617753076
portion,0.5483188617753076
december,0.5483188617753076
careful,0.5483188617753076
number,0.5333772817771087
unusual,0.5323185204288665
wind,0.5323185204288665
powerful,0.5323185204288665
experiment,0.5323185204288665
following,0.5300535137980145
proper,0.5270414633280229
efforts,0.5244133409217533
somewhat,0.5244133409217533
nature,0.5217921074418791
done,0.5197000564696551
giving,0.5165701634607276
primary,0.5165701634607276
wall,0.5165701634607275
primarily,0.5165701634607274
towards,0.5165701634607274
planning,0.5087880230186725
others,0.507238836031843
future,0.5032661978343645
schools,0.5010659769247622
claim,0.49595087625799184
entered,0.49595087625799184
need,0.4940973076086688
school,0.489847093319974
experiments,0.48579850479397374
search,0.48579850479397374
page,0.48579850479397374
substantial,0.48579850479397374
capable,0.48579850479397374
facilities,0.4757481689404723
asking,0.47076062742943325
appeared,0.463325648941915
policies,0.4559455416442925
directed,0.4559455416442925
statements,0.4559455416442925
won,0.4559455416442925
flow,0.4559455416442925
stands,0.4559455416442925
leading,0.4559455416442925
basic,0.45008042219189454
water,0.44918114155575056
comes,0.44861950155221963
several,0.4479561516108137
whole,0.44618936669892784
reasons,0.44618936669892784
means,0.4429583461174813
seek,0.44134674222313985
texas,0.44134674222313985
began,0.43652745578719104
different,0.43652745578719104
despite,0.43652745578719104
covered,0.43652745578719104
seen,0.4305358261189242
outside,0.4269580047710404
stage,0.4269580047710404
station,0.4269580047710404
nations,0.4269580047710404
drawn,0.42695800477104023
communism,0.42695800477104023
rome,0.42695800477104023
sections,0.42695800477104023
costs,0.4212599836564025
directly,0.4198405370021764
historical,0.41277336977908385
april,0.41277336977908385
serve,0.4080895204666576
within,0.40156877076622094
effects,0.398787127804344
plus,0.39878712780434383
hill,0.39878712780434383
wants,0.39878712780434383
show,0.39878712780434383
accept,0.39878712780434383
later,0.3962650583716342
wrote,0.39324694742872845
complete,0.38773729161775905
writers,0.38499380567200814
particularly,0.38499380567200814
brother,0.38499380567200814
public,0.38499380567200814
completely,0.38043798913614746
fall,0.3781678406016083
gain,0.3713881536162296
selected,0.3713881536162296
jewish,0.3713881536162296
light,0.3713881536162296
fourth,0.3713881536162296
contrast,0.3713881536162296
interior,0.3713881536162296
cases,0.3713881536162296
fit,0.3579651332840889
official,0.3579651332840889
personnel,0.3579651332840889
france,0.3579651332840889
murder,0.3579651332840889
turning,0.3579651332840889
call,0.35530201586460514
greater,0.35530201586460514
order,0.35530201586460514
staff,0.3535305362162232
pattern,0.3535305362162232
considered,0.35132059056542025
section,0.34999696363491206
gives,0.34471990653406825
buildings,0.34471990653406825
solid,0.3316478249667154
editor,0.3316478249667154
title,0.3316478249667154
love,0.3316478249667154
ones,0.32732816382219915
green,0.32732816382219915
serious,0.32732816382219915
types,0.32732816382219915
started,0.32388581963122615
without,0.3221690810121718
door,0.3187444201308076
training,0.3187444201308076
enter,0.3187444201308076
learned,0.3187444201308076
looks,0.3187444201308076
women,0.31874442013080745
idea,0.31874442013080745
middle,0.310233730462899
character,0.310233730462899
experience,0.3078153495986173
differences,0.3060053943533777
bring,0.3060053943533777
expression,0.3060053943533777
surface,0.2934266121465177
states,0.28843907063547863
administration,0.2871960623958816
understanding,0.28512780933182247
friends,0.28100409214796046
immediate,0.28100409214796046
today,0.2792419771545612
eye,0.27689731019530706
charge,0.27689731019530706
immediately,0.2687339995561463
lower,0.2687339995561463
interesting,0.26873399955614613
presented,0.26873399955614613
way,0.2621041410174766
reaction,0.26063678932352685
easy,0.26063678932352685
ship,0.2566126390238013
team,0.2566126390238013
speed,0.2566126390238013
henry,0.2566126390238013
houses,0.2566126390238013
robert,0.2566126390238013
possible,0.25527484618214136
defense,0.25060661496358955
sex,0.24463644797708572
aware,0.24463644797708572
begin,0.24463644797708572
broad,0.24463644797708572
bed,0.2367312684699725
however,0.23370737744489553
ask,0.2288880910089465
simply,0.22693687087768477
financial,0.2211059505668916
followed,0.2211059505668916
significant,0.2211059505668916
effective,0.2211059505668916
theory,0.2211059505668916
citizens,0.2211059505668916
hand,0.21878306915075196
able,0.21646557101038927
group,0.21338390447298117
units,0.20954512816581566
operating,0.20954512816581566
assistance,0.20954512816581566
beyond,0.20381445345683047
perhaps,0.20136846772857006
best,0.20096138447442402
add,0.19811643234219273
check,0.19811643234219273
literature,0.19056922670680987
necessary,0.1890665968222749
find,0.18806609648869138
clothes,0.1868168770882596
kind,0.18201302477561399
certain,0.18201302477561399
us,0.17564357649013412
population,0.16826346919251164
first,0.16752844527114333
management,0.16459374030354929
condition,0.16459374030354929
union,0.16459374030354929
southern,0.16093742910043876
words,0.16093742910043876
seem,0.1580219751403147
among,0.14824460230201977
success,0.1428537536671433
color,0.13927593231925942
try,0.13927593231925942
questions,0.13927593231925942
showed,0.13215846455039548
job,0.1194733050230796
private,0.11632699933371474
behavior,0.11110505535256307
thinking,0.10418461250798938
increased,0.09731173322022722
increase,0.09560086881659773
power,0.09340547825316216
bridge,0.09048576814982731
least,0.09048576814982731
day,0.0890291036533632
major,0.08235564206657726
gas,0.0803333966858093
modern,0.0803333966858093
general,0.07429108222984658
earth,0.07028306083230806
likely,0.06363851811363941
director,0.060332729979139646
james,0.060332729979139646
standing,0.060332729979139646
events,0.060332729979139646
playing,0.060332729979139646
rise,0.050480433536128286
story,0.050480433536128286
end,0.048032451897488226
class,0.03588163411497556
final,0.031062347679026568
interested,0.021492896662875925
another,0.01929750609944028
short,0.01201415270833206
effect,0.0073082616709194805
college,0.004495320294304742
continue,0.002624412358493115
distance,-0.006677980303820452
language,-0.015894635408744355
deep,-0.015894635408744355
already,-0.01772781649040544
getting,-0.018948072895634792
clear,-0.020471302436156275
field,-0.021384127693515942
wish,-0.025027118972016982
speak,-0.025027118972016982
actually,-0.03106943342797956
shown,-0.03106943342797956
give,-0.035363128302679
cars,-0.04304562447469538
taken,-0.046610690639191425
program,-0.04813469398216652
hold,-0.048980359994509795
function,-0.051934571891941256
either,-0.05723025946665166
since,-0.06233882740937407
single,-0.06657612188488937
makes,-0.06657612188488937
force,-0.06947888154285084
returned,-0.06947888154285084
corner,-0.06947888154285084
slowly,-0.06947888154285084
true,-0.07381728314144904
taking,-0.08386761899495032
appear,-0.08672068797735685
account,-0.08672068797735685
europe,-0.0952313776452655
along,-0.0980522539869068
made,-0.09879326921162607
society,-0.09945971375478659
reported,-0.10367024629113016
served,-0.10367024629113016
determined,-0.10367024629113016
steps,-0.10367024629113016
found,-0.1046035174741286
line,-0.10534950781085009
attention,-0.10646745091219133
small,-0.11573535784297283
case,-0.11757867633726218
required,-0.12308833214823163
spirit,-0.12308833214823163
daily,-0.12856779791285727
feed,-0.12856779791285727
important,-0.13673110855201817
larger,-0.13673110855201817
kept,-0.1448283187846375
high,-0.14684241815633883
expected,-0.15019026192602297
thus,-0.15125920911492802
given,-0.1581796519595017
come,-0.1608286601310787
note,-0.16873383963819205
forms,-0.16873383963819205
fact,-0.17434237929780164
worked,-0.17657701709921797
longer,-0.18177183397632185
george,-0.18435915754127283
wrong,-0.18435915754127283
seems,-0.18822763431919318
cause,-0.19208120363518327
hot,-0.19208120363518327
month,-0.19208120363518327
opened,-0.19974407638075223
step,-0.19974407638075223
student,-0.19974407638075223
point,-0.2048202294126128
association,-0.20734867576597157
held,-0.20734867576597157
keep,-0.20734867576597157
money,-0.21112939860587757
mean,-0.21238646979592876
soon,-0.21238646979592876
continued,-0.21489588140135454
great,-0.21489588140135454
trial,-0.2223865531305121
summer,-0.2223865531305121
might,-0.2253671812686498
black,-0.23228762411322357
sound,-0.23720163891565266
leave,-0.24209162420984456
record,-0.24452767900772568
set,-0.2518004383368053
better,-0.2518004383368053
body,-0.25180043833680543
time,-0.25870784413661635
every,-0.26822791247875327
throughout,-0.27330664355776896
weeks,-0.27330664355776896
head,-0.2756679197434488
run,-0.2756679197434488
students,-0.28037381078086143
place,-0.283888752888306
whether,-0.287391383439508
yes,-0.29436005275560145
john,-0.29990023313121683
put,-0.3058676596070812
earlier,-0.30815337488793715
name,-0.31497933995833705
stock,-0.31497933995833705
house,-0.3200684094658083
william,-0.3217590269437157
entire,-0.3284930591250599
meet,-0.3284930591250599
second,-0.3298344409492611
times,-0.33518204727585643
voice,-0.33961664434372213
age,-0.34403166255283907
congress,-0.3484272740258771
side,-0.35105539643214645
full,-0.35716095399463166
came,-0.37119248479888955
even,-0.3744027604291377
natural,-0.3744027604291377
still,-0.37696358129081137
areas,-0.38291345009704636
reason,-0.4038785785620913
subject,-0.40595111816406376
boy,-0.4080193712281228
medical,-0.4121430884119848
indeed,-0.4121430884119848
street,-0.41624987036463823
trying,-0.4182969539863631
rest,-0.4182969539863631
now,-0.42593641054432063
interest,-0.4304922270801814
old,-0.4320062319113963
whose,-0.4445345842032203
reached,-0.4544454681026743
air,-0.46815772996665606
real,-0.4720412299930537
hours,-0.4836020523941296
report,-0.4836020523941296
inside,-0.4836020523941296
read,-0.4836020523941296
take,-0.48524274185158967
forces,-0.4893327271031148
though,-0.49503074821775256
period,-0.49881147105765844
conditions,-0.5175036040698112
return,-0.5175036040698112
car,-0.5322097514595066
east,-0.5340329060210217
week,-0.5358527427380075
half,-0.5358527427380075
really,-0.5358527427380075
basis,-0.5394825107885864
pressure,-0.5449025782579255
values,-0.550293426892802
much,-0.5577921229839226
across,-0.5609887160095498
days,-0.5820421252073822
young,-0.5846429069074397
america,-0.592404912242929
minutes,-0.6026614124101181
red,-0.6077504819175892
law,-0.6195252184621228
look,-0.6203609895095189
tax,-0.6278516612386766
york,-0.6295086624463059
good,-0.6303361345663384
two,-0.6313990221774748
hard,-0.6328144505808057
evidence,-0.642666747023817
will,-0.6431122805575848
life,-0.6440663273782404
therefore,-0.6475567323180089
matter,-0.6491814280450108
rate,-0.6668810051444117
took,-0.6858389188890258
child,-0.6858389188890258
level,-0.6858389188890258
back,-0.6936331906158447
feel,-0.6998251608637658
year,-0.7151393958368082
six,-0.7181742995319623
family,-0.7212000204484992
policy,-0.7272241350518802
department,-0.7406471553840209
something,-0.7406471553840209
ever,-0.7597233024448347
war,-0.7712841248459106
turn,-0.7755852067453013
saw,-0.7827128206695334
years,-0.7947143766542967
board,-0.8010103051111114
south,-0.805185676521592
position,-0.8093436866702558
per,-0.8352837076788715
upon,-0.8359573351883457
present,-0.8513268325194471
office,-0.8658102983380269
room,-0.869724197659163
question,-0.8736228380748204
behind,-0.8775063381012181
thought,-0.8794424471280845
probably,-0.8890671605022941
city,-0.8928912569406976
next,-0.8954325543693701
asked,-0.9055336503558741
government,-0.9545630775961926
yet,-0.9569525649935741
quite,-0.9629014225133465
act,-0.9699936508228383
far,-0.9735209913408067
enough,-0.9828668537590445
long,-1.0309923452552854
three,-1.0448585297870123
course,-1.0611190506587926
turned,-1.0928677489733731
country,-1.1052902689719302
mind,-1.1083719355093382
want,-1.1175603615637444
thing,-1.1326892431600444
say,-1.1416579131428048
children,-1.1966645426550166
said,-1.2010084871375217
felt,-1.2022825349592399
men,-1.2686576039041124
going,-1.3135081700694642
must,-1.328927525554129
right,-1.3374465810076477
nothing,-1.3431399676758353
against,-1.360028185704357
think,-1.3952844811820906
away,-1.4470395626939867
always,-1.4514159372937856
went,-1.553057756770784
go,-1.7638971242796992
last,-1.840739829222565
man,-2.0149748661689677
state,-2.0178704214495493
little,-2.047176548035049
