collaboration,5.991934107047692
users,5.758840224880314
user,5.308639222930758
portal,5.288836595634578
participants,5.1739066289606015
web,4.987731502850657
global,4.960332528662542
innovation,4.9362349770834815
challenges,4.873321151672912
virtual,4.854972013004716
researchers,4.7780109718685875
motivations,4.6501776003587025
expertise,4.634910128227914
turk,4.554867420554378
connect,4.4678560435647485
organizational,4.449506904896552
template,4.449506904896552
implementation,4.384968383758981
perspectives,4.372545863760424
citation,4.331723869240168
educators,4.267185348102597
environments,4.267185348102597
solving,4.224625733683801
digital,4.210026934262649
capacities,4.198192476615645
media,4.187142640429061
composers,4.187142640429061
vs,4.180173971112967
prototype,4.149402312446214
les,4.149402312446214
coined,4.149402312446214
definitions,4.149402312446214
indigenous,4.149402312446214
design,4.1193499673798115
feedback,4.084863791308642
links,4.05587625443539
allows,4.052775476757142
editing,4.044041796788387
robots,4.015870919821691
21st,4.015870919821691
niche,4.015870919821691
implementing,4.015870919821691
face-to-face,4.015870919821691
interactions,4.015870919821691
thinking,3.9694916402365696
designers,3.930713111481384
deductive,3.861720239994433
cinema,3.861720239994433
advocacy,3.861720239994433
researcher,3.861720239994433
rewards,3.8617202399944324
computers,3.8617202399944324
implement,3.8617202399944324
translation,3.829971541679852
computer,3.8224995268411512
critical,3.8086104146804844
divergent,3.774708863004803
traits,3.774708863004803
sharing,3.7707484617887057
learning,3.7655763794415305
intentional,3.756359724336606
sectors,3.756359724336606
agenda,3.756359724336606
managing,3.72818884736991
access,3.7040912957908496
lab,3.679398683200478
purposeful,3.679398683200478
publish,3.679398683200478
viewers,3.679398683200478
queries,3.679398683200478
solutions,3.672478240355904
facilitate,3.6385766886802227
genetic,3.6385766886802227
platforms,3.6385766886802227
implicit,3.5993559755269415
document,3.5993559755269415
matthew,3.5740381675426516
publishes,3.5740381675426516
contributors,3.5740381675426516
peer,3.5740381675426516
orchestral,3.5740381675426516
bruce,3.5740381675426516
standardized,3.5740381675426516
nurses,3.5740381675426516
skills,3.564988332022734
tools,3.554235540246472
interaction,3.554235540246472
tasks,3.5389468477313817
challenged,3.5362978395598046
wicked,3.5362978395598046
chat,3.5050452960557
ranking,3.5050452960557
enhance,3.5050452960557
intrinsic,3.5050452960557
typically,3.487026790553022
emergence,3.456255131886268
pioneering,3.456255131886268
igor,3.456255131886268
coins,3.456255131886268
topic,3.456255131886268
emphasizes,3.456255131886268
festivals,3.456255131886268
roaming,3.456255131886268
collaborated,3.456255131886268
cheaply,3.456255131886268
reflective,3.456255131886268
ludwig,3.456255131886268
preferences,3.419887487715393
conceptual,3.391716610748697
disciplines,3.391716610748697
detachment,3.391716610748697
documentary,3.391716610748697
verification,3.391716610748697
transaction,3.350894616228442
risks,3.350894616228442
technology,3.3391985764652508
connecting,3.3227237392617455
management,3.3116739030751607
consensus,3.3021044520590097
environmental,3.3021044520590097
solo,3.3021044520590097
jointly,3.3021044520590097
ensure,3.286356095090871
creativity,3.2739335750923138
inspiration,3.2739335750923138
coin,3.263883239238812
motivation,3.255584436424117
outcomes,3.255584436424117
variations,3.2519546683735383
network,3.2013628822574782
knowledge,3.1822719037926492
systemic,3.1685730594344874
zones,3.1685730594344874
embedded,3.1685730594344874
incentives,3.1685730594344874
applications,3.1685730594344874
eric,3.1685730594344874
additionally,3.1685730594344874
updated,3.1685730594344874
invest,3.1685730594344874
monitor,3.1685730594344874
overlapping,3.1685730594344874
forum,3.1685730594344874
conversational,3.1685730594344874
protocol,3.1685730594344874
focusing,3.1685730594344874
codification,3.1685730594344874
encourages,3.1685730594344874
1950s,3.1685730594344874
interpersonal,3.1685730594344874
brands,3.1685730594344874
thinker,3.1685730594344874
cite,3.1685730594344874
intrinsically,3.1685730594344874
engage,3.1685730594344874
jeff,3.1685730594344874
reasoned,3.1685730594344874
trait,3.1685730594344874
retrospect,3.1685730594344874
meteor,3.1685730594344874
pregnancy,3.1685730594344874
failures,3.1685730594344874
methodological,3.1685730594344874
approaches,3.127751064914232
refers,3.1114146455945386
project,3.101881684935815
complexity,3.0944650872807653
framework,3.073262879630162
enables,3.0507900237781036
addressing,3.0507900237781036
quartet,3.0507900237781036
resource,3.0507900237781036
film,3.0350416668099647
bias,3.0350416668099647
peers,3.0350416668099647
generate,3.014422379607229
integrate,3.014422379607229
diverse,3.001518974771321
corporate,2.996722802507828
projects,2.9921166220929307
crowds,2.9862515026405325
linking,2.9862515026405325
debates,2.9862515026405325
practitioners,2.9862515026405325
explicit,2.9862515026405325
identifies,2.9862515026405325
examples,2.9824707798006265
shared,2.9762011667870314
adoption,2.967902363972336
participate,2.967902363972336
computing,2.967902363972336
architecture,2.967902363972336
synthesis,2.9609336946562426
distinguishes,2.9454295081202773
solve,2.9454295081202773
bombing,2.9454295081202773
administrators,2.9454295081202773
programming,2.9454295081202773
discourse,2.9454295081202773
documents,2.9321842813702568
versus,2.9172586311535813
settings,2.9172586311535813
multiple,2.9172586311535813
monetary,2.9172586311535813
enterprise,2.9126396852972865
sector,2.906208794966996
alkali,2.880890986982706
communal,2.880890986982706
remote,2.880890986982706
reasoning,2.880890986982706
collaborators,2.880890986982706
accountability,2.880890986982706
participant,2.880890986982706
organizing,2.880890986982706
controversies,2.880890986982706
innovations,2.880890986982706
establishes,2.880890986982706
simon,2.880890986982706
dating,2.880890986982706
repository,2.880890986982706
person's,2.880890986982706
improve,2.872307243291315
businesses,2.8631914098833056
crowd,2.8618427920120117
criteria,2.8501193283159525
communicating,2.8321008228132745
origins,2.8321008228132745
piano,2.8268237657124304
concepts,2.8171751725965986
entity,2.811898115495755
topics,2.811898115495755
relevance,2.811898115495755
retrieved,2.811898115495755
networks,2.7938796099930765
mechanical,2.7777067507474755
process,2.773260322790341
multitude,2.763107951326323
pizza,2.763107951326323
choices,2.763107951326323
donate,2.763107951326323
personalized,2.763107951326323
admissions,2.763107951326323
steve,2.763107951326323
swarm,2.763107951326323
boeing,2.763107951326323
re,2.763107951326323
bellini,2.763107951326323
feasibility,2.763107951326323
tablet,2.763107951326323
neil,2.763107951326323
scrutinized,2.763107951326323
explicitly,2.763107951326323
operetta,2.763107951326323
polling,2.763107951326323
focused,2.763107951326323
malcolm,2.763107951326323
clara,2.763107951326323
lockheed,2.763107951326323
communicated,2.763107951326323
dewey,2.763107951326323
pets,2.763107951326323
pioneers,2.763107951326323
analytical,2.763107951326323
deployed,2.763107951326323
filtering,2.763107951326323
motivated,2.763107951326323
inflexible,2.763107951326323
shareholders,2.763107951326323
unsolved,2.763107951326323
organization's,2.763107951326323
fosters,2.763107951326323
specification,2.763107951326323
sur,2.763107951326323
overall,2.763107951326323
interface,2.763107951326323
edwards,2.763107951326323
translations,2.763107951326323
stimulates,2.763107951326323
showers,2.763107951326323
rewarded,2.763107951326323
distinguishing,2.763107951326323
society's,2.763107951326323
documented,2.763107951326323
gateway,2.763107951326323
zealand,2.763107951326323
elena,2.763107951326323
hilton,2.763107951326323
perceives,2.763107951326323
crumb,2.763107951326323
overriding,2.763107951326323
searches,2.763107951326323
dialogue,2.763107951326323
showcase,2.763107951326323
transforms,2.763107951326323
giovanni,2.763107951326323
non-profit,2.763107951326323
tracking,2.763107951326323
domains,2.763107951326323
profiles,2.763107951326323
hoc,2.763107951326323
justifications,2.763107951326323
dialed,2.763107951326323
verdi,2.763107951326323
bundled,2.763107951326323
neutrality,2.763107951326323
protecting,2.763107951326323
gilbert,2.763107951326323
objectively,2.763107951326323
circles,2.747359594358184
collective,2.747359594358184
creating,2.745716208614454
search,2.740118433101624
boundaries,2.726740307155448
issues,2.71658793569143
teams,2.71658793569143
adding,2.71658793569143
communities,2.7130975307516616
communication,2.7015500583268897
contests,2.6985694301887517
interdependent,2.6985694301887517
clicked,2.6985694301887517
lone,2.6985694301887517
focus,2.6985694301887517
contributions,2.691648987344178
commitment,2.6830652436527864
communicate,2.6830652436527864
conference,2.6817623118723706
relevant,2.672136173120596
research,2.6713004020732
content,2.664017048682092
al,2.657747435668497
analyze,2.6577474356684965
transactions,2.6577474356684965
journals,2.6577474356684965
premiere,2.6577474356684965
tag,2.6577474356684965
metaphor,2.6577474356684965
classrooms,2.6577474356684965
intellect,2.6577474356684965
accelerate,2.6577474356684965
stakes,2.6577474356684965
advent,2.6577474356684965
exploitation,2.6577474356684965
option,2.6577474356684965
connections,2.6577474356684965
defines,2.6577474356684965
hazardous,2.6577474356684965
accessible,2.6577474356684965
christopher,2.6577474356684965
viable,2.6577474356684965
cooperative,2.6577474356684965
critically,2.6577474356684965
asserts,2.6577474356684965
outputs,2.6577474356684965
stimuli,2.6577474356684965
nationwide,2.6577474356684965
manage,2.6577474356684965
intellectually,2.6577474356684965
community,2.6534090340698984
create,2.6453249156699394
strategy,2.642479963537708
engines,2.6379448083723167
benjamin,2.6295765587018005
privacy,2.6295765587018005
explore,2.6295765587018005
environment,2.6262487686091256
broader,2.6220293530664174
benefits,2.6165044771344474
organize,2.6089572714990643
potentially,2.6089572714990643
broadly,2.6089572714990643
manipulation,2.6089572714990643
ibm,2.6089572714990643
combines,2.6089572714990643
task,2.600589021828548
curriculum,2.5932089145309254
collect,2.5932089145309254
participation,2.590495208659329
institutional,2.5807863945323684
peering,2.5807863945323684
von,2.5807863945323684
designing,2.5807863945323684
disadvantages,2.5807863945323684
humans,2.5807863945323684
simplified,2.5807863945323684
sensory,2.5807863945323684
ross,2.5624372558641717
willingness,2.5624372558641717
michael,2.5624372558641717
diversity,2.5495338510282637
creates,2.5495338510282637
journalism,2.5495338510282637
culture,2.542117253373214
client,2.539964400012113
term,2.536794825250834
creative,2.5348492993453426
logic,2.532584292714491
wider,2.532584292714491
productivity,2.532584292714491
authors,2.5179854932933377
engineering,2.5179854932933377
leadership,2.5179854932933377
distributed,2.5117935230454167
allowing,2.5071745771891223
article,2.5044134157477944
processes,2.4928176215864113
individuals,2.489031530930321
stravinsky,2.475425878874542
investors,2.475425878874542
promotes,2.475425878874542
defining,2.475425878874542
introduces,2.475425878874542
featuring,2.475425878874542
inventions,2.475425878874542
modes,2.475425878874542
prizes,2.475425878874542
discusses,2.475425878874542
entails,2.475425878874542
assess,2.475425878874542
disruptive,2.475425878874542
paradigm,2.475425878874542
violinist,2.475425878874542
discern,2.475425878874542
surgery,2.475425878874542
commons,2.475425878874542
professionals,2.475425878874542
antonio,2.475425878874542
huddle,2.475425878874542
circle,2.475425878874542
innate,2.475425878874542
differs,2.475425878874542
intertwined,2.475425878874542
prize,2.475425878874542
wiley,2.475425878874542
tutor,2.475425878874542
founded,2.475425878874542
comparisons,2.475425878874542
presenting,2.475425878874542
amongst,2.475425878874542
teenage,2.475425878874542
austria,2.475425878874542
characterizes,2.475425878874542
efficiently,2.475425878874542
pragmatic,2.475425878874542
pipeline,2.475425878874542
alto,2.475425878874542
themes,2.475425878874542
actively,2.475425878874542
anthology,2.475425878874542
bayreuth,2.475425878874542
bug,2.475425878874542
thinkers,2.475425878874542
judith,2.475425878874542
encompass,2.475425878874542
performs,2.475425878874542
quotes,2.475425878874542
submission,2.475425878874542
audio-visual,2.475425878874542
chris,2.475425878874542
ventures,2.475425878874542
prevalence,2.475425878874542
collectively,2.475425878874542
dynamics,2.475425878874542
endorsed,2.475425878874542
clients,2.475425878874542
well-educated,2.475425878874542
andrea,2.475425878874542
et,2.475425878874542
labeling,2.475425878874542
sensors,2.475425878874542
contribute,2.475425878874542
students',2.475425878874542
argues,2.475425878874542
andrew,2.475425878874542
undefined,2.475425878874542
conveys,2.475425878874542
compensated,2.475425878874542
graphic,2.475425878874542
inclusive,2.475425878874542
models,2.453919673653578
helps,2.442636056051551
ideas,2.425236134350687
definition,2.4213586576042663
systems,2.4196345192461264
participating,2.406433007387591
supports,2.406433007387591
principles,2.402400743859652
classical,2.3801156990702173
reliable,2.3801156990702173
concerto,2.3801156990702173
model,2.3801156990702173
gather,2.3700653632167157
notable,2.3700653632167157
practice,2.3629478954478516
information,2.361353422614694
sonata,2.3576428432181586
hierarchy,2.3576428432181586
location,2.3576428432181586
informal,2.3576428432181586
organizations,2.353536061265505
flexible,2.347592507364657
insights,2.3418944862500193
aims,2.3418944862500193
sites,2.3418944862500193
partners,2.3418944862500193
defined,2.338224757361057
originally,2.335663936499383
calls,2.321275199047284
discovering,2.3212751990472835
bureaucracy,2.3212751990472835
meetings,2.3212751990472835
photos,2.3212751990472835
occupying,2.3212751990472835
discuss,2.3212751990472835
aaron,2.3212751990472835
builds,2.3212751990472835
mapping,2.3212751990472835
proposes,2.3212751990472835
communications,2.3212751990472835
pop,2.3212751990472835
productions,2.3212751990472835
obstacles,2.3212751990472835
semantic,2.3212751990472835
visual,2.312906949376767
include,2.3123862516300377
identify,2.308371794211376
includes,2.306349548830608
share,2.297177647468223
resources,2.2931043220805876
bryan,2.2931043220805876
intelligence,2.2931043220805876
capabilities,2.2747551834123905
companies,2.2580130022693172
product,2.2580130022693172
saves,2.2522823275603323
charitable,2.2522823275603323
dietrich,2.2522823275603323
undertaking,2.2522823275603323
liberation,2.2522823275603323
comprehend,2.2522823275603323
satin,2.2522823275603323
dimensions,2.2522823275603323
achieves,2.2522823275603323
tame,2.2522823275603323
choreographed,2.2522823275603323
stays,2.2522823275603323
conforms,2.2522823275603323
coordination,2.2522823275603323
regulatory,2.2522823275603323
audubon,2.2522823275603323
choreographer,2.2522823275603323
linguistics,2.2522823275603323
skepticism,2.2522823275603323
lets,2.2522823275603323
affecting,2.2522823275603323
primacy,2.2522823275603323
asset,2.2522823275603323
weeds,2.2522823275603323
jonathan,2.2522823275603323
needing,2.2522823275603323
incorrect,2.2522823275603323
consuming,2.2522823275603323
entrenched,2.2522823275603323
outreach,2.2522823275603323
photo,2.2522823275603323
grouped,2.2522823275603323
egyptian,2.2522823275603323
peanuts,2.2522823275603323
skillfully,2.2522823275603323
relationships,2.239037100810312
methods,2.2380976925683758
classroom,2.224111450593636
submit,2.224111450593636
partnership,2.224111450593636
traditional,2.213061614407051
mutual,2.213061614407051
enabling,2.213061614407051
evaluate,2.213061614407051
roles,2.2071618922798626
ethical,2.199172502246384
accomplish,2.1877438064227612
scholarly,2.187743806422761
examinations,2.187743806422761
appraisal,2.187743806422761
investigating,2.187743806422761
jacques,2.187743806422761
shaping,2.187743806422761
emerson,2.187743806422761
fidelity,2.187743806422761
context,2.17817435540661
discipline,2.1753212864242037
string,2.17004422932336
experts,2.17004422932336
citizen,2.1652709505707026
involves,2.1630511938323895
using,2.1621312305660347
developing,2.1617683200195006
disciplined,2.1569721477560075
del,2.1569721477560075
convincing,2.1569721477560075
wired,2.1569721477560075
explored,2.1569721477560075
spaces,2.1569721477560075
entities,2.1569721477560075
integrated,2.1569721477560075
generated,2.1569721477560075
cooperate,2.1569721477560075
team,2.1509298333000446
exploration,2.146921811902506
develop,2.145672592502074
intent,2.138953642253329
producers,2.138953642253329
psychology,2.138953642253329
usage,2.138953642253329
uses,2.135558053252191
alexander,2.1344992919039485
composer,2.1324811277477114
artificial,2.127119184606326
inquiry,2.127119184606326
currently,2.127119184606326
phone,2.124027992036653
ability,2.1226045042518
explains,2.1187509349358096
goal,2.1187509349358096
enable,2.1125203851851735
students,2.1113459869292317
learn,2.1050520905776477
remove,2.1038623224420587
volunteers,2.1038623224420587
complex,2.0917007574027835
opera,2.0910141799642097
application,2.08455957018753
reconstruct,2.069960770766378
turbine,2.069960770766378
sickness,2.069960770766378
stimulate,2.069960770766378
presentations,2.069960770766378
geographically,2.069960770766378
compares,2.069960770766378
analysts,2.069960770766378
licensed,2.069960770766378
technician,2.069960770766378
corresponds,2.069960770766378
manipulate,2.069960770766378
refined,2.069960770766378
submitting,2.069960770766378
weaknesses,2.069960770766378
outlined,2.069960770766378
characterize,2.069960770766378
predicting,2.069960770766378
album,2.069960770766378
teen,2.069960770766378
avant-garde,2.069960770766378
episode,2.069960770766378
mathematical,2.069960770766378
capitalist,2.069960770766378
supplier,2.069960770766378
toronto,2.069960770766378
blurred,2.069960770766378
calling,2.069960770766378
resolutions,2.069960770766378
ancestors,2.069960770766378
leader's,2.069960770766378
workshops,2.069960770766378
automation,2.069960770766378
enabled,2.069960770766378
premium,2.069960770766378
announcements,2.069960770766378
assembling,2.069960770766378
layout,2.069960770766378
entrepreneur,2.069960770766378
ballet,2.069960770766378
attributes,2.069960770766378
wartime,2.069960770766378
feat,2.069960770766378
responding,2.069960770766378
internally,2.069960770766378
augusta,2.069960770766378
accelerating,2.069960770766378
sonatas,2.069960770766378
initiated,2.069960770766378
indicators,2.0699607707663774
achieving,2.0699607707663774
irresponsible,2.0699607707663774
governing,2.0699607707663774
des,2.0699607707663774
broadcasting,2.0699607707663774
judged,2.0699607707663774
considers,2.0699607707663774
efficacy,2.0699607707663774
charts,2.0699607707663774
specialized,2.0699607707663774
guides,2.0699607707663774
larry,2.0699607707663774
emerging,2.0699607707663774
employs,2.0699607707663774
delivering,2.0699607707663774
trio,2.0699607707663774
domain,2.0699607707663774
agreements,2.0699607707663774
earning,2.0699607707663774
representation,2.0699607707663774
technological,2.0699607707663774
australian,2.0699607707663774
mode,2.0699607707663774
contributing,2.0699607707663774
reward,2.0699607707663774
message,2.0542124137982385
creation,2.0479818640476024
solution,2.0354745946952084
responses,2.0335931265955027
rational,2.0291387762461226
conferences,2.0291387762461226
mobile,2.023440755131485
simultaneously,2.0158935494961017
potential,2.0084028777669443
via,2.0054222496288068
reflection,2.0054222496288063
promote,2.0054222496288063
henri,2.0054222496288063
entertainment,1.9985018067842326
expand,1.989918063092841
completing,1.989918063092841
mix,1.989918063092841
outcome,1.989918063092841
adapted,1.989918063092841
undertake,1.989918063092841
emerged,1.989918063092841
collecting,1.989918063092841
nazi,1.989918063092841
analysis,1.982949393776748
fields,1.9829493937767477
assessment,1.9789889925606508
civic,1.9789889925606508
category,1.9789889925606508
groups,1.977845481858572
academic,1.9764347127555542
published,1.9757735557066767
call,1.975182364439088
employees,1.9746505909620529
scientific,1.9723223012024615
tool,1.9646002551085513
compositions,1.9646002551085513
chains,1.9646002551085513
expert,1.9646002551085513
launch,1.9646002551085513
systematically,1.9646002551085513
tackle,1.9646002551085513
goals,1.9646002551085513
employing,1.9646002551085513
balloon,1.9646002551085513
seeks,1.9646002551085513
adds,1.9646002551085513
dramatically,1.9646002551085513
effectively,1.9555504195886335
define,1.952177735109994
logical,1.9447976278123715
combine,1.9447976278123715
describe,1.9399076425181798
formal,1.936429378141855
managers,1.936429378141855
allow,1.936429378141855
cycle,1.936429378141855
please,1.9318104322855603
sciences,1.9158100909391194
increasingly,1.9158100909391194
based,1.9158100909391194
evaluating,1.9158100909391191
rigorous,1.9158100909391191
ted,1.9158100909391191
assisting,1.9158100909391191
co-operative,1.9158100909391191
arena,1.9158100909391191
simulated,1.9158100909391191
mussorgsky,1.9158100909391191
participates,1.9158100909391191
worlds,1.9158100909391191
completions,1.9158100909391191
quarterly,1.9158100909391191
separating,1.9158100909391191
inference,1.9158100909391191
dispersed,1.9158100909391191
deliberations,1.9158100909391191
paths,1.9158100909391191
ellis,1.9158100909391191
exchanged,1.9158100909391191
premise,1.9158100909391191
divide,1.9158100909391191
prevail,1.9158100909391191
wary,1.9158100909391191
en,1.9158100909391191
publishing,1.9158100909391191
exclude,1.9158100909391191
cycles,1.9158100909391191
structured,1.9158100909391191
equity,1.9158100909391191
generalizations,1.9158100909391191
edited,1.9158100909391191
ambiguities,1.9158100909391191
advantages,1.9158100909391191
reliance,1.9158100909391191
regards,1.9158100909391191
breadth,1.9158100909391191
descriptive,1.9158100909391191
hr,1.9158100909391191
computation,1.9158100909391191
arrives,1.9158100909391191
visions,1.9158100909391191
brahms,1.9158100909391191
maurice,1.9158100909391191
problems,1.907679964855869
discussions,1.90006173397098
towards,1.90006173397098
requires,1.8981105138397183
institute,1.8956073836215999
designer,1.887639213972423
deliver,1.887639213972423
faster,1.887639213972423
peter,1.887639213972423
locations,1.887639213972423
perform,1.8807187711278492
guidance,1.8775888781189216
services,1.8716852860301814
concentrate,1.8692900753042265
census,1.8692900753042265
carriers,1.8692900753042265
violin,1.8692900753042265
engagement,1.8692900753042265
adopting,1.8692900753042265
theme,1.8692900753042265
ambiguity,1.8692900753042265
duration,1.8692900753042265
locally,1.8692900753042265
australia,1.8692900753042265
log,1.8692900753042265
instruction,1.8563866704683185
contest,1.8563866704683185
instruments,1.8563866704683185
perspective,1.8563866704683185
la,1.8563866704683185
products,1.8537376622967416
vision,1.851271569801548
alongside,1.846817219452168
senses,1.846817219452168
foster,1.846817219452168
actors,1.846817219452168
related,1.8394371121545454
alternative,1.8394371121545454
delivery,1.8335719927021472
people's,1.8335719927021472
techniques,1.8315497473213793
sources,1.8267304608854305
select,1.8248383127333925
created,1.8186463424854715
structures,1.814027396629177
evaluation,1.814027396629177
organization,1.8130503569813505
achieve,1.8016967841716982
specific,1.7909367610577114
science,1.789883297699816
meaningful,1.7822786983145968
cultures,1.7822786983145968
consciously,1.7822786983145968
aspirations,1.7822786983145968
20th,1.7822786983145968
incentive,1.7822786983145968
maria,1.7822786983145968
installation,1.7822786983145968
howe,1.7822786983145968
functions,1.7822786983145968
titled,1.7822786983145968
outline,1.7822786983145968
categories,1.7822786983145968
19th,1.7822786983145966
cathedral,1.7822786983145966
transmitted,1.7822786983145966
honoring,1.7822786983145966
parameters,1.7822786983145966
challenge,1.7822786983145966
termination,1.7822786983145966
aspects,1.7822786983145966
effectiveness,1.7822786983145966
broadcast,1.7822786983145966
umbrella,1.7822786983145966
faulty,1.7822786983145966
analyzing,1.7822786983145966
discover,1.7822786983145966
translate,1.7822786983145966
practiced,1.7822786983145966
featured,1.7822786983145966
collections,1.7822786983145966
architects,1.7822786983145966
trust,1.7822786983145966
courage,1.7822786983145966
fbi,1.7822786983145966
reciprocal,1.7822786983145966
utilizing,1.7822786983145966
scientists,1.7822786983145966
charging,1.7822786983145966
satellite,1.7822786983145966
relates,1.7822786983145966
musical,1.7704442406675938
levels,1.7676798988934441
experiences,1.7632305033439022
approach,1.7575860857242254
intellectual,1.751507039647843
agencies,1.7494888754916058
suggests,1.7471873785033265
written,1.7425383696650827
amateur,1.7414567037943416
corporations,1.7414567037943416
writing,1.7386036348119351
teaching,1.7364691622833024
impact,1.7364691622833024
skill,1.7334885341451647
providing,1.7300929451440263
parties,1.7300929451440263
different,1.729634964829175
codes,1.7216540764981618
pierre,1.7216540764981618
significantly,1.7216540764981618
notions,1.7216540764981618
alternatives,1.7216540764981618
lessons,1.7216540764981618
lists,1.7216540764981618
compensation,1.7216540764981618
movements,1.7163207305227992
medicine,1.7132858268276452
meeting,1.7105867698584802
review,1.7081707261608747
transparent,1.7022359906410602
embrace,1.7022359906410602
cooperation,1.7022359906410602
owns,1.7022359906410602
rely,1.7022359906410602
ego,1.7022359906410602
analogy,1.7022359906410602
incorporated,1.7022359906410602
monitoring,1.7022359906410602
reviewed,1.7022359906410602
involvement,1.7022359906410602
resolve,1.7022359906410602
ideology,1.7022359906410602
consulting,1.7022359906410602
invited,1.7022359906410602
map,1.7022359906410602
clarify,1.7022359906410602
assets,1.7022359906410602
needs,1.7000406000776247
phenomenon,1.6926665396249094
affect,1.6926665396249094
educational,1.6926665396249094
performed,1.6926665396249094
quality,1.6904711490614739
voluntary,1.6869685185102716
relationship,1.6869685185102716
music,1.685114949860949
wrote,1.6836480948729693
practices,1.6831877956703658
films,1.6804960040046542
languages,1.6769181826567703
useful,1.6730794063496048
social,1.6710530632043723
capital,1.6703607821106112
laboratories,1.6644956626582132
editors,1.6644956626582132
tolerance,1.6644956626582132
scope,1.6644956626582132
disposed,1.6644956626582132
emerges,1.6644956626582132
suite,1.6644956626582132
consistency,1.6644956626582132
pulls,1.6644956626582132
autonomy,1.6644956626582132
timely,1.6644956626582132
ratings,1.6644956626582132
volunteer,1.6644956626582132
conflicts,1.6644956626582132
assemble,1.6644956626582132
other's,1.6644956626582132
manual,1.6644956626582132
oxford,1.6644956626582132
systematic,1.6644956626582132
gene,1.6644956626582132
undertaken,1.6644956626582132
quantitative,1.6644956626582132
centralized,1.6644956626582132
asks,1.6644956626582132
versions,1.6644956626582132
publisher,1.6644956626582132
differ,1.6644956626582132
marvin,1.6644956626582132
formally,1.6644956626582132
consumers,1.6644956626582132
format,1.6644956626582132
carrier,1.6644956626582132
reviews,1.6644956626582132
bernard,1.6644956626582132
stephen,1.6644956626582132
successful,1.6592186055573694
business,1.6491107438187338
partner,1.648747305690074
testing,1.648747305690074
depending,1.648747305690074
awareness,1.648747305690074
williams,1.648747305690074
universities,1.648747305690074
generation,1.6461465239900166
douglas,1.642516755939438
contribution,1.6370966884700988
enterprises,1.6281280184873383
valued,1.6281280184873383
vocal,1.6281280184873383
draws,1.6281280184873383
sensation,1.6281280184873383
le,1.6281280184873383
bush,1.6281280184873383
requests,1.6281280184873383
prose,1.6281280184873383
momentum,1.6281280184873383
capitalism,1.6281280184873383
associated,1.6226485527227128
mountain,1.6179756470233204
involving,1.6179756470233204
concept,1.6162935608403353
ways,1.6123796615191992
gains,1.6104284413879373
specifically,1.6104284413879373
combinations,1.6104284413879373
venture,1.6104284413879373
example,1.6026931213395168
phases,1.5999571415206422
astronomy,1.5999571415206422
norms,1.5999571415206422
manufacturing,1.5999571415206422
phase,1.5999571415206422
data,1.5988004033928183
january,1.596176418680736
players,1.5930366986760682
encouraged,1.5930366986760682
arrangement,1.588122683873639
transfer,1.5844529549846769
answers,1.5816080028524453
mostly,1.5816080028524453
work,1.5760516206670878
role,1.5687045980165377
theory,1.5668571930942972
removed,1.5591351470003871
gaining,1.559135147000387
mob,1.559135147000387
mathematics,1.559135147000387
obstacle,1.559135147000387
roger,1.559135147000387
ernest,1.559135147000387
newman,1.559135147000387
non,1.559135147000387
customers,1.559135147000387
spatial,1.559135147000387
nonetheless,1.559135147000387
sweden,1.559135147000387
physician,1.559135147000387
pursue,1.559135147000387
screens,1.559135147000387
ideally,1.559135147000387
input,1.559135147000387
utilize,1.559135147000387
border,1.559135147000387
likelihood,1.559135147000387
button,1.559135147000387
eugene,1.559135147000387
component,1.559135147000387
prediction,1.559135147000387
misleading,1.559135147000387
ranges,1.559135147000387
specialization,1.559135147000387
conversations,1.559135147000387
imagery,1.559135147000387
artists,1.559135147000387
compiled,1.559135147000387
consultation,1.559135147000387
activities,1.559135147000387
responsibilities,1.559135147000387
extensively,1.559135147000387
theories,1.559135147000387
optimism,1.559135147000387
el,1.559135147000387
notion,1.559135147000387
assessing,1.559135147000387
succeed,1.559135147000387
founder,1.559135147000387
works,1.559135147000387
arguments,1.559135147000387
combining,1.559135147000387
arnold,1.559135147000387
education,1.5402666626960042
whereas,1.5344425344100152
problem,1.5332437330676454
development,1.531819336353424
platform,1.5309642700336905
assistant,1.5309642700336905
guide,1.5309642700336905
popular,1.5280445599303558
decision,1.5249437822521075
acquired,1.5199144338471056
patterns,1.5156500350606479
practical,1.5140147117199174
together,1.5131500337585635
launched,1.510344982830955
francis,1.510344982830955
linear,1.510344982830955
obtain,1.510344982830955
exists,1.510344982830955
urban,1.510344982830955
health,1.510344982830955
habits,1.510344982830955
free,1.503565295845576
feature,1.503565295845576
teachers,1.4994159122987647
variety,1.498510525183952
developed,1.498510525183952
differently,1.4945966258628156
differential,1.4945966258628156
improving,1.4945966258628156
stuart,1.4945966258628156
link,1.4945966258628156
linked,1.4945966258628156
influenced,1.4945966258628156
transit,1.4945966258628156
van,1.4945966258628156
scott,1.4945966258628156
anthony,1.4945966258628156
implies,1.4945966258628156
staged,1.4945966258628156
geographical,1.4945966258628156
stating,1.4945966258628156
concerns,1.4868144854207608
occurs,1.4821741058642586
judgments,1.4821741058642586
festival,1.4821741058642586
refer,1.4821741058642586
customer,1.4821741058642586
decisions,1.4821741058642586
studies,1.4782830503712918
foundation,1.4768970487634148
arrangements,1.4768970487634148
mass,1.47397733866008
orchestra,1.4721237700107572
production,1.4671976516747014
instrumental,1.4638249671960621
array,1.4638249671960621
artistic,1.4638249671960621
sociological,1.4638249671960621
infancy,1.4638249671960621
connected,1.4638249671960621
posted,1.4638249671960621
invite,1.4638249671960621
interpret,1.4638249671960621
describes,1.4638249671960621
assistants,1.4638249671960621
constitutes,1.4638249671960621
investigate,1.4638249671960621
key,1.4638249671960621
subsequently,1.4638249671960621
beneficial,1.4638249671960621
earliest,1.4638249671960621
constituted,1.4638249671960621
prejudice,1.4638249671960621
occupational,1.4638249671960621
varies,1.4638249671960621
lo,1.4638249671960621
cult,1.4638249671960621
arts,1.4638249671960621
rev,1.4638249671960621
results,1.4604636194933571
forms,1.4598801889050457
robert,1.4577826527400994
represents,1.4509215623601541
objectives,1.4509215623601541
code,1.4509215623601541
libraries,1.4458064616933837
cloud,1.4458064616933837
gathering,1.4458064616933837
expanding,1.4458064616933837
formerly,1.4458064616933837
demonstrate,1.4458064616933837
discovery,1.4413521113440033
designated,1.4339720040463808
awarded,1.4339720040463808
shaped,1.4339720040463808
abstract,1.4339720040463808
campaigns,1.4339720040463808
uncertainty,1.4339720040463808
nursing,1.4339720040463808
popularity,1.4339720040463808
sensed,1.4339720040463808
harvard,1.4339720040463808
notes,1.4281068845939828
benefit,1.423333605841325
beliefs,1.419373204625228
empirical,1.419373204625228
strategic,1.419373204625228
assumptions,1.419373204625228
author,1.419373204625228
generations,1.419373204625228
don,1.419373204625228
ultimately,1.419373204625228
suggestions,1.419373204625228
provides,1.4131812343773071
argue,1.4107151418821136
support,1.409603413029423
working,1.4093897606410448
de,1.409074452424654
movement,1.407585248873186
revenue,1.4049844671731286
claimed,1.4049844671731286
professional,1.4049844671731286
planning,1.399803108431131
including,1.3942053329183017
two-thirds,1.3768135902064325
convert,1.3768135902064325
joel,1.3768135902064325
employee,1.3768135902064325
herbert,1.3768135902064325
independently,1.3768135902064325
garry,1.3768135902064325
contracts,1.3768135902064325
gabriel,1.3768135902064325
perceived,1.3768135902064325
deciding,1.3768135902064325
suspension,1.3768135902064325
beethoven,1.3768135902064325
traced,1.3768135902064325
ad,1.3768135902064325
counting,1.3768135902064325
journal,1.3768135902064322
group,1.3768135902064322
setting,1.3768135902064322
mechanisms,1.3768135902064322
instances,1.3768135902064322
referring,1.3768135902064322
copies,1.3768135902064322
felix,1.3768135902064322
emphasized,1.3768135902064322
attributed,1.3768135902064322
subjective,1.3768135902064322
transport,1.3768135902064322
initially,1.3768135902064322
print,1.3768135902064322
risk,1.3768135902064322
structure,1.3657637540198475
differences,1.3640745644290024
governments,1.3602842882552217
commercial,1.3602842882552217
core,1.353283092796238
building,1.3514957822221425
devices,1.3494146160183178
blocks,1.3494146160183178
electronic,1.3469606270567511
competitive,1.3440237673834412
successfully,1.3440237673834412
markets,1.3440237673834412
recognize,1.3440237673834412
december,1.3440237673834412
recording,1.3440237673834412
help,1.3408031526833992
operational,1.3359915956861772
television,1.3359915956861772
star,1.3359915956861772
reflect,1.3359915956861772
productive,1.3359915956861772
public,1.3348493911074002
discussion,1.3333284782666934
wisdom,1.3302935745715394
leaders,1.3289575690287974
details,1.3227463689361567
makers,1.3227463689361565
voices,1.3227463689361565
guitar,1.3227463689361565
essay,1.3227463689361565
solved,1.3227463689361565
distinguish,1.3227463689361565
comprehensive,1.3227463689361565
directors,1.3227463689361565
paul,1.3227463689361565
policy,1.3212437390516216
human,1.3182770877538594
exchange,1.317973090183499
independent,1.317973090183499
conventional,1.3161889683899974
david,1.3161889683899974
capacity,1.3146818090994261
debate,1.3122750690688612
initiative,1.3122750690688612
efficient,1.3122750690688612
depend,1.3078207187194808
qualities,1.3078207187194808
establish,1.3053546262242874
due,1.3037884551915424
compass,1.2967708825328959
lasting,1.2967708825328959
mutually,1.2967708825328959
experimentation,1.2967708825328959
un,1.2967708825328959
lowest,1.2967708825328959
opposing,1.2967708825328959
outset,1.2967708825328959
fictional,1.2967708825328959
vocabulary,1.2967708825328959
disposition,1.2967708825328959
controlled,1.2967708825328959
promoting,1.2967708825328959
critics,1.2967708825328959
witnessed,1.2967708825328959
abilities,1.2967708825328959
statutory,1.2967708825328959
rules,1.2908711604057075
encourage,1.2858418120007056
engineers,1.2815034104021075
demonstrated,1.2815034104021075
require,1.2791751206425164
open,1.2777226875622014
version,1.2777226875622012
finding,1.2777226875622012
success,1.27503089589649
allen,1.271453074548606
styles,1.271453074548606
manhattan,1.271453074548606
improvements,1.271453074548606
hidden,1.271453074548606
physically,1.271453074548606
composed,1.271453074548606
minority,1.271453074548606
regarding,1.271453074548606
criticism,1.271453074548606
expanded,1.271453074548606
questions,1.271453074548606
aspect,1.264335606779742
understanding,1.2631542717339108
permits,1.2590305545500489
scholars,1.2590305545500489
christmas,1.2590305545500489
effective,1.2531996342392557
book,1.2526651606829728
appropriate,1.2516504472524261
metropolitan,1.2516504472524261
teach,1.2467604619582344
understand,1.2443244071603534
operate,1.2432821975819097
integration,1.2432821975819097
used,1.2421124699950319
use,1.241104338281897
cultural,1.2406814158818522
improved,1.2406814158818522
reduce,1.238663251725615
university,1.236584248897782
receive,1.2357349919465268
telephone,1.2357349919465268
idea,1.2277780110459444
common,1.227137190774095
educated,1.222662910379174
accurate,1.222662910379174
according,1.222662910379174
planet,1.222662910379174
prepare,1.222662910379174
regional,1.222662910379174
wagner,1.222662910379174
proposed,1.222662910379174
inspection,1.222662910379174
acceptable,1.222662910379174
steps,1.222662910379174
patent,1.222662910379174
characterized,1.222662910379174
spectrum,1.2226629103791737
fix,1.2226629103791737
theodore,1.2226629103791737
disclosed,1.2226629103791737
framed,1.2226629103791737
coordinated,1.2226629103791737
daniel,1.2226629103791737
regulation,1.2226629103791737
mechanism,1.2226629103791737
passion,1.2226629103791737
pianist,1.2226629103791737
limitations,1.2226629103791737
designs,1.2226629103791737
projected,1.2226629103791737
organized,1.2226629103791737
offering,1.2226629103791737
committed,1.2226629103791737
centered,1.2226629103791737
richard,1.2084782753872174
site,1.2069145534110348
industry,1.2049633332797731
professor,1.2049633332797731
elements,1.2037944260747913
knowing,1.2024602030616545
workers,1.1991324129689798
financial,1.1991324129689798
camera,1.1944920334124776
conclusions,1.1944920334124776
bomb,1.1944920334124776
industries,1.1944920334124776
accuracy,1.1944920334124776
everyone,1.1902276346260199
unique,1.1875715905679038
examination,1.1875715905679038
false,1.1875715905679038
commonly,1.1875715905679038
argued,1.1875715905679038
subsequent,1.1875715905679038
applying,1.1875715905679038
regulations,1.1875715905679038
theatre,1.1875715905679038
situations,1.182657575765475
making,1.182657575765475
arranged,1.1761428947442811
insight,1.1761428947442811
freely,1.1761428947442811
ownership,1.1761428947442811
destiny,1.1761428947442811
changing,1.1761428947442811
helping,1.1761428947442811
closely,1.1761428947442811
intentions,1.1761428947442811
opinions,1.1761428947442811
exist,1.1704771572086037
budget,1.1704771572086037
members,1.168937511023011
images,1.1670930592243633
profession,1.1670930592243633
november,1.1670930592243633
survey,1.1670930592243633
aim,1.1670930592243633
characteristics,1.1632394899083731
correct,1.1632394899083731
presented,1.1597490849686047
coalition,1.1536700388922225
dates,1.1536700388922225
optimistic,1.1536700388922225
operates,1.1536700388922225
shower,1.1536700388922225
thread,1.1536700388922225
consciousness,1.1536700388922225
described,1.1536700388922225
originated,1.1536700388922225
gates,1.1536700388922225
scores,1.1536700388922225
technical,1.1536700388922225
lectures,1.1536700388922225
associates,1.1536700388922225
cardinal,1.1536700388922225
decrease,1.1536700388922225
feasible,1.1536700388922225
expressions,1.1536700388922225
directions,1.1536700388922225
dimension,1.1536700388922225
comments,1.1536700388922225
judging,1.1536700388922225
validity,1.1536700388922225
alter,1.1536700388922225
referred,1.1536700388922223
system,1.1452209844056949
advanced,1.1441912949376787
lead,1.1419739991290314
tests,1.137140736941012
collection,1.1356515333895443
wave,1.1316911321734473
dedicated,1.1316911321734473
encouraging,1.1316911321734473
channels,1.1316911321734473
agriculture,1.1316911321734473
lighting,1.1316911321734473
publications,1.1316911321734473
address,1.1273527305748492
individual,1.126096711988123
accordingly,1.1208802160692315
bird,1.1208802160692315
involve,1.1208802160692315
internal,1.1208802160692315
extend,1.1208802160692315
mainly,1.1208802160692315
language,1.1162825068206021
significant,1.11212103597935
build,1.11212103597935
allowed,1.11212103597935
numerous,1.1101849269524835
source,1.1101849269524835
prior,1.1101849269524835
thousands,1.1101849269524835
similar,1.1080595276401701
lack,1.1071500232573297
components,1.1071500232573297
identity,1.1071500232573297
compared,1.103117759729391
reality,1.1017102999615114
person,1.1005602135782742
main,1.0974997674251679
cited,1.0891315177546514
recommendation,1.0891315177546514
drivers,1.0891315177546514
democracy,1.0891315177546514
earn,1.0891315177546512
translated,1.0891315177546512
injustice,1.0891315177546512
legitimate,1.0891315177546512
pin,1.0891315177546512
viewpoint,1.0891315177546512
persistent,1.0891315177546512
toll,1.0891315177546512
locate,1.0891315177546512
apply,1.0891315177546512
conjunction,1.0891315177546512
audiences,1.0891315177546512
resolution,1.0891315177546512
professors,1.0891315177546512
analytic,1.0891315177546512
references,1.0891315177546512
qualifications,1.0891315177546512
specialist,1.0891315177546512
historically,1.0891315177546512
messages,1.0891315177546512
quickly,1.077831962500718
one's,1.073627331218686
needed,1.0729586585090503
terms,1.070555132181716
applied,1.0700833227839568
international,1.0695869216816811
bridge,1.0685122305519157
opposed,1.0644389051642797
writes,1.0644389051642797
carl,1.0644389051642797
display,1.0644389051642797
leads,1.0583598590878975
symphony,1.0583598590878975
generally,1.0583598590878975
examine,1.0583598590878975
provided,1.0583598590878975
emphasis,1.0540401979433813
activity,1.0540401979433813
exercise,1.0540401979433813
offered,1.052317544631935
engine,1.0483095232343962
tim,1.0483095232343962
presence,1.0350642964843757
comparative,1.0285068959382166
performing,1.0285068959382166
captured,1.0285068959382166
facing,1.0285068959382166
barriers,1.0285068959382166
failing,1.0285068959382166
opportunities,1.0285068959382166
allocation,1.0285068959382166
arthur,1.0285068959382166
employers,1.0285068959382166
easier,1.0285068959382166
pays,1.0285068959382166
inability,1.0285068959382166
obscure,1.0285068959382166
raymond,1.0285068959382166
economics,1.0285068959382166
measurement,1.0285068959382166
scientist,1.0285068959382166
reflecting,1.0285068959382166
possess,1.0285068959382166
thereby,1.0285068959382166
company,1.0250526610701292
original,1.0187507209928517
large,1.0173647193849749
consists,1.0168108561750253
resulting,1.0168108561750253
tend,1.0168108561750253
external,1.0168108561750253
investment,1.0168108561750253
form,1.0162701694897798
sessions,1.009088810081115
widely,1.009088810081115
controversy,1.009088810081115
kingdom,1.009088810081115
current,1.009088810081115
aesthetic,1.009088810081115
climate,1.009088810081115
value,1.0057499088156003
procedures,1.0036093443164893
step,1.0014259373355459
reach,0.9995193590649643
song,0.9995193590649643
factors,0.9900406151104205
schools,0.9866159542290561
method,0.9853347240730078
session,0.983771002096825
features,0.983771002096825
difficult,0.977540452346189
kinds,0.9713484820982679
chorus,0.9713484820982679
intuition,0.9713484820982679
sole,0.9713484820982679
automatically,0.9713484820982679
harvey,0.9713484820982679
conceived,0.9713484820982679
managed,0.9713484820982679
davis,0.9713484820982679
competition,0.9713484820982679
announce,0.9713484820982679
host,0.9713484820982679
february,0.9713484820982679
universal,0.9713484820982679
wherever,0.9713484820982679
established,0.9713484820982679
supported,0.9713484820982679
suggest,0.9713484820982679
talks,0.9713484820982679
birthday,0.9713484820982679
schedule,0.9713484820982679
advances,0.9713484820982679
interpretation,0.9713484820982679
applicable,0.9713484820982679
simpler,0.9713484820982679
required,0.9602986459116829
advantage,0.957555159965932
joseph,0.9529993434300712
cross,0.9529993434300712
events,0.9513478153915982
involved,0.9507291948955322
trend,0.9493695753794926
fiction,0.9493695753794926
award,0.9493695753794926
interests,0.9469570289741086
additional,0.946030674113978
serves,0.9439495079101534
readers,0.9439495079101534
series,0.9400959385941634
draw,0.9349808379273931
profit,0.9349808379273931
performance,0.9295013721627674
provide,0.928788867679472
highly,0.927863370158529
higher,0.9266125882568764
recent,0.9256262327601728
page,0.9248284664633751
score,0.9248284664633751
section,0.9225583179288359
future,0.9216768723010302
flood,0.9172812608279921
japan,0.9172812608279921
likes,0.9172812608279921
candidates,0.9172812608279921
fathers,0.9172812608279921
entries,0.9172812608279921
respective,0.9172812608279921
instant,0.9172812608279921
distances,0.9172812608279921
mexico,0.9172812608279921
consumer,0.9172812608279921
victims,0.9172812608279921
tangible,0.9172812608279921
underground,0.9172812608279921
infinite,0.9172812608279921
traveling,0.9172812608279921
politicians,0.9172812608279921
lesser,0.9172812608279921
assert,0.9172812608279921
frederick,0.9172812608279921
screen,0.9068099609606968
wide,0.9052086795937229
degree,0.9052086795937229
rights,0.9042091792606393
editor,0.9042091792606393
albert,0.8998895181161229
understood,0.8998895181161229
movie,0.8998895181161229
market,0.8977366647550219
actions,0.8949755033136939
leading,0.8949755033136939
increased,0.8930166388283609
agents,0.8913057744247315
furthermore,0.8913057744247315
joint,0.8913057744247315
efforts,0.8893353304374327
depends,0.886190673757961
usually,0.8852193283683293
designed,0.884337105108638
songs,0.8827950847568229
people,0.8812196610359406
physical,0.8803767038925412
completed,0.8803767038925412
order,0.8765700757709786
test,0.8743562161109582
simple,0.8659879664404415
compromise,0.8659879664404415
distinctive,0.8659879664404415
teacher,0.8659879664404415
crucial,0.8659879664404415
attain,0.8659879664404415
underlying,0.8659879664404415
observations,0.8659879664404415
corporation,0.8659879664404415
desired,0.8659879664404415
scale,0.8659879664404415
solely,0.8659879664404415
pioneer,0.8659879664404415
puts,0.8659879664404415
purchased,0.8659879664404415
reform,0.8659879664404415
graduate,0.8659879664404415
responded,0.8659879664404415
pupil,0.8659879664404415
guided,0.8659879664404415
technique,0.8659879664404415
choose,0.8659879664404415
drawing,0.8659879664404415
alliance,0.8659879664404415
existing,0.8659879664404415
hotels,0.8659879664404415
transformation,0.8659879664404415
widespread,0.8659879664404415
considered,0.8593434237217732
field,0.8512818190507462
acting,0.8494586644892309
papers,0.8461853391442619
investigation,0.8461853391442619
study,0.8412953538500701
limits,0.8412953538500699
rarely,0.8412953538500699
institution,0.8412953538500699
today's,0.8412953538500699
representatives,0.8412953538500699
within,0.8405987324356221
increases,0.8378170894737452
built,0.8364291641988971
dancer,0.8331981436174506
sets,0.8331981436174506
finance,0.8331981436174506
pages,0.8331981436174506
movies,0.8331981436174506
conservative,0.8331981436174506
art,0.8267672532871604
raise,0.8267672532871604
introduced,0.8267672532871604
indian,0.8267672532871604
respect,0.8251659719201866
others,0.8249079406969769
possibilities,0.8171978022710096
intermediate,0.8171978022710096
behalf,0.8171978022710096
profits,0.8171978022710096
associate,0.8171978022710096
contact,0.8171978022710096
displays,0.8171978022710096
circular,0.8171978022710096
utopian,0.8171978022710096
trends,0.8171978022710096
partisan,0.8171978022710096
anniversary,0.8171978022710096
drawings,0.8171978022710096
taylor,0.8171978022710096
ideological,0.8171978022710096
forming,0.8171978022710096
fluid,0.8171978022710096
flash,0.8171978022710096
theoretical,0.8171978022710096
heritage,0.8171978022710096
displayed,0.8171978022710096
increasing,0.8104181152856308
leader,0.8104181152856308
driving,0.8077190583164658
assigned,0.8077190583164658
write,0.8077190583164658
depth,0.8077190583164658
level,0.803013167279053
books,0.8014494453028704
programs,0.7990484837653323
french,0.7990484837653323
complete,0.7977797164139082
citizens,0.7936673048608155
marketing,0.7936673048608155
mental,0.7936673048608155
identification,0.7936673048608155
included,0.7910866582673238
space,0.7868506458817177
across,0.7847625265178557
directly,0.7847625265178557
cost,0.7793734936036707
taking,0.7763758077507544
grows,0.7706777866361167
games,0.7706777866361167
sponsor,0.7706777866361167
chart,0.7706777866361167
ambiguous,0.7706777866361167
owner,0.7706777866361167
response,0.7706777866361167
conducted,0.7706777866361167
confused,0.7706777866361167
expensive,0.7706777866361167
wealth,0.7706777866361167
begins,0.7706777866361167
firms,0.7706777866361167
recognition,0.7706777866361167
presentation,0.7706777866361167
balanced,0.7706777866361167
path,0.7706777866361167
list,0.7631305810007337
known,0.7583573022480762
final,0.7577743818002087
paris,0.7556399092715763
background,0.7556399092715763
wage,0.7526592811334384
private,0.7495129754440736
number,0.7492636921323004
adopted,0.748204930784058
contain,0.748204930784058
noted,0.748204930784058
impression,0.748204930784058
offers,0.748204930784058
canada,0.7408248234864355
initial,0.7408248234864355
decades,0.7408248234864355
vary,0.7408248234864355
traffic,0.7408248234864355
evidence,0.7408248234864355
shortly,0.7408248234864355
minimum,0.7408248234864355
tends,0.7408248234864355
presidential,0.7408248234864355
combination,0.7349597040340374
dictionary,0.7349597040340374
purpose,0.7295761109505647
experience,0.7262260240652829
set,0.7262260240652829
children's,0.7262260240652828
genius,0.7262260240652828
dances,0.7262260240652828
sheep,0.7262260240652828
conscious,0.7262260240652828
jean,0.7262260240652828
monthly,0.7262260240652828
curiosity,0.7262260240652828
midnight,0.7262260240652828
degrees,0.7262260240652828
adults,0.7262260240652828
clear,0.7239403087844271
among,0.7208059565959437
germany,0.7200340538173617
previously,0.7175679613221683
india,0.7175679613221683
isolated,0.7118372866131834
grade,0.7118372866131834
producing,0.7118372866131834
outside,0.7118372866131834
instance,0.7077639612255474
unknown,0.7047198188443192
engaged,0.7047198188443192
limited,0.7023585426586394
judgment,0.7004735279628681
novel,0.7004735279628681
easily,0.6929688023088005
important,0.6917636198791064
changes,0.6912710090317062
ford,0.6836664096464871
biggest,0.6836664096464871
accurately,0.6836664096464871
draft,0.6836664096464871
aimed,0.6836664096464871
functional,0.6836664096464871
promising,0.6836664096464871
occupation,0.6836664096464871
concrete,0.6836664096464871
behavior,0.6836664096464871
full-time,0.6836664096464871
tended,0.6836664096464871
maintain,0.683666409646487
importance,0.683666409646487
similarly,0.683666409646487
broad,0.683666409646487
jones,0.683666409646487
outlook,0.683666409646487
sees,0.683666409646487
range,0.677276611547716
bring,0.6709273838690573
membership,0.6698730875141511
courses,0.6671371076952765
charge,0.6671371076952765
personal,0.6630471224437513
consideration,0.6630471224437513
political,0.660135912236293
otherwise,0.6601359122362929
government,0.6594521515258923
standards,0.6562674354583725
mixed,0.6562674354583725
resulted,0.6562674354583725
claims,0.6562674354583725
subject,0.652118051911561
report,0.648575089835217
facts,0.648575089835217
rather,0.6481920214528273
member,0.6464874064047328
viewed,0.6428444151262318
nick,0.6428444151262318
composition,0.6428444151262318
observe,0.6428444151262318
continually,0.6428444151262318
attracted,0.6428444151262318
departments,0.6428444151262318
taught,0.6428444151262318
pupils,0.6428444151262318
dilemma,0.6428444151262318
thomas,0.6428444151262318
critic,0.6428444151262318
pressing,0.6428444151262318
energy,0.6428444151262318
adult,0.6428444151262318
trading,0.6428444151262318
patrol,0.6428444151262318
fundamental,0.6428444151262318
delayed,0.6428444151262318
active,0.6371463940115941
powerful,0.6348762454770549
bringing,0.6295991883762112
contains,0.6295991883762112
track,0.6295991883762112
regardless,0.6295991883762112
experimental,0.6295991883762112
formed,0.6295991883762112
nature,0.6243498324900675
stages,0.6230417878300522
views,0.6230417878300522
rise,0.6230417878300522
maintenance,0.6191278885089158
part,0.6175266071419421
equal,0.6146735381595355
piece,0.6113457480668608
means,0.610054592303241
started,0.6087651014733693
frequently,0.6036237019729506
measure,0.6036237019729506
velocity,0.6036237019729505
eventually,0.6036237019729505
typical,0.6036237019729505
training,0.6036237019729505
colleges,0.6036237019729505
dominant,0.6036237019729505
assist,0.6036237019729505
tv,0.6036237019729505
variables,0.6036237019729505
best,0.6036237019729505
entry,0.6036237019729505
neutral,0.6036237019729505
pointing,0.6036237019729505
inherent,0.6036237019729505
treat,0.6036237019729505
california,0.6036237019729505
handled,0.6036237019729505
acts,0.6036237019729505
cents,0.6036237019729505
contributed,0.6036237019729505
concerts,0.6036237019729505
self,0.6036237019729505
eliminate,0.6036237019729505
mitchell,0.6036237019729505
former,0.5959608292273814
student,0.5959608292273814
control,0.5946146320305846
however,0.5926946314407603
separate,0.5908846761955208
desire,0.5908846761955208
economy,0.5908846761955208
helped,0.5883562298421622
single,0.586027940082571
experienced,0.584575507002256
remain,0.5818837153365446
regions,0.5783058939886606
fully,0.5783058939886606
necessity,0.5783058939886606
improvement,0.5783058939886606
dependent,0.5783058939886606
parallel,0.5783058939886606
offer,0.5783058939886606
recognized,0.5783058939886606
various,0.5733183524776216
act,0.5676485995146727
observation,0.5658833739901035
consisting,0.5658833739901035
company's,0.5658833739901035
attend,0.5658833739901035
file,0.5658833739901035
essential,0.5658833739901035
description,0.5658833739901035
supporting,0.5658833739901035
costs,0.5630384218578721
entire,0.5625220262873987
early,0.5617765920374501
construction,0.5606063168892598
statements,0.558503266692481
directed,0.558503266692481
emotional,0.558503266692481
firm,0.5566667188851796
produce,0.5536132813982891
distinction,0.5536132813982891
primary,0.5501350170219644
countries,0.5491884954179334
divided,0.5475342353219069
conduct,0.5475342353219069
executive,0.5475342353219069
seek,0.5439044672713284
politics,0.5439044672713284
called,0.5419074621143922
numbers,0.5374838994684056
engineer,0.5295157298192287
reports,0.5295157298192287
distinct,0.5295157298192287
express,0.5295157298192287
operations,0.5295157298192287
arise,0.5295157298192286
maintaining,0.5295157298192286
clarity,0.5295157298192286
calendar,0.5295157298192286
colony,0.5295157298192286
harris,0.5295157298192286
quarters,0.5295157298192286
satisfaction,0.5295157298192286
consistent,0.5295157298192286
happening,0.5295157298192286
school,0.5234119468812108
consider,0.5216105503121155
plans,0.5206267824019826
modern,0.5193633583552106
distribution,0.5176812721722257
chosen,0.5153310948272721
goods,0.5118161527198277
route,0.5059852324090346
drama,0.5059852324090346
occur,0.5059852324090346
takes,0.5059852324090346
able,0.5013448528525325
items,0.5013448528525323
need,0.5013448528525323
four,0.5013448528525323
greater,0.49708045406607465
fixed,0.4944244100079586
fees,0.4944244100079586
pressed,0.4944244100079586
operating,0.4944244100079586
paid,0.4944244100079586
questioned,0.4944244100079586
prestige,0.4944244100079586
stars,0.4944244100079586
types,0.4944244100079586
lesson,0.4944244100079586
modest,0.4944244100079586
material,0.4944244100079586
rates,0.4895103952055295
program,0.48805901614088265
writers,0.48755153072019647
particularly,0.48755153072019647
rule,0.48755153072019647
led,0.48299571418433584
driven,0.48299571418433584
hundreds,0.48299571418433584
literature,0.4754485085489529
century,0.47491159578437686
observed,0.47394587866441795
positive,0.47394587866441795
london,0.47169615893040245
labor,0.46721184648307384
beginning,0.46660190440865934
become,0.46330450129415407
radical,0.46052285833227724
replace,0.46052285833227724
voting,0.46052285833227724
representing,0.46052285833227724
era,0.46052285833227724
alex,0.46052285833227724
text,0.46052285833227724
virtue,0.46052285833227724
medium,0.46052285833227713
charges,0.46052285833227713
mounted,0.46052285833227713
edward,0.46052285833227713
target,0.46052285833227713
prime,0.46052285833227713
given,0.4552036968546773
issue,0.4472776315822566
ideal,0.4439935563810667
available,0.4399035711295415
better,0.438543951613502
salt,0.4385439516135019
flight,0.4385439516135019
chamber,0.4385439516135019
superior,0.4385439516135019
recommended,0.4385439516135019
game,0.43583024574190576
type,0.43520505034798734
growing,0.43235198136558084
world,0.4321704437414099
view,0.4277330355092864
considerations,0.42773303550928626
winning,0.42773303550928626
secondary,0.42773303550928626
starts,0.42773303550928626
articles,0.42773303550928626
respectively,0.42773303550928626
studio,0.42773303550928626
selling,0.42773303550928626
sense,0.42451242080924423
smaller,0.4213021451789959
pay,0.4189738554194048
amount,0.4189738554194048
purchase,0.41703774639253827
angeles,0.41703774639253827
expansion,0.41703774639253827
italian,0.41703774639253827
sound,0.4154024230518076
college,0.4145377450904539
low,0.4131767377350788
experiment,0.4117326941628452
relation,0.4117326941628452
addition,0.4099705791694458
attempt,0.4064556370620015
changed,0.4064556370620015
trade,0.40295300651079935
suit,0.39598433719470616
resistance,0.39598433719470616
worked,0.395984337194706
survival,0.395984337194706
concluded,0.395984337194706
gathered,0.395984337194706
mud,0.395984337194706
long-term,0.395984337194706
temporary,0.395984337194706
so-called,0.395984337194706
howard,0.395984337194706
contemporary,0.395984337194706
inadequate,0.395984337194706
variation,0.395984337194706
covers,0.395984337194706
russian,0.395984337194706
grew,0.395984337194706
administration,0.38975378744407
effort,0.3890638943501323
parts,0.38709538977746
action,0.38562155015915944
less,0.38447673034322616
economic,0.383561817196149
objects,0.38048015065874063
jobs,0.38048015065874063
imagination,0.38048015065874063
cause,0.38048015065874063
newspaper,0.38048015065874063
particular,0.3790825263921029
institutions,0.3753650499919704
count,0.3753650499919704
situation,0.3753650499919704
sports,0.3753650499919704
employed,0.3753650499919704
style,0.3753650499919704
difference,0.36858536300659167
cases,0.36858536300659167
major,0.36723492390872026
june,0.3652126785279523
farmers,0.3652126785279523
influence,0.3652126785279523
central,0.3652126785279523
presents,0.3652126785279523
gift,0.3652126785279523
plays,0.3652126785279523
unfortunately,0.3652126785279523
later,0.3626906090952425
shown,0.3591703640719897
henry,0.3591703640719897
extra,0.3551623426744509
efficiency,0.3551623426744509
conviction,0.3551623426744509
reference,0.3501748011634118
aware,0.347194173025274
affairs,0.347194173025274
frank,0.33535971537827125
lee,0.33535971537827125
begun,0.33535971537827125
receiving,0.33535971537827125
los,0.33535971537827125
phrase,0.33535971537827125
gradually,0.33535971537827125
genuine,0.33535971537827125
dispute,0.33535971537827125
necessarily,0.33535971537827125
ocean,0.33535971537827125
owned,0.33535971537827125
net,0.33535971537827125
suitable,0.33535971537827125
findings,0.33535971537827125
protect,0.33535971537827125
agree,0.33535971537827125
largely,0.33535971537827125
stated,0.3353597153782711
relatively,0.3353597153782711
classes,0.3353597153782711
comes,0.3280336752861982
commission,0.32560354043290635
reasons,0.32560354043290635
conflict,0.31594162952116966
advice,0.31594162952116966
element,0.31594162952116966
output,0.3063721785050189
world's,0.3063721785050189
beyond,0.3063721785050189
sections,0.3063721785050189
yield,0.3063721785050189
symbolic,0.3063721785050189
consequences,0.3063721785050189
drive,0.3063721785050189
lower,0.30229885311738314
carry,0.3006741573903811
payment,0.2968934345504752
increase,0.29346877366911084
historical,0.2921875435130625
constant,0.2921875435130625
regard,0.2893746021364479
goes,0.2893746021364479
failure,0.2893746021364479
attitude,0.28750369420063615
accept,0.27820130153832257
symbols,0.27820130153832257
classic,0.27820130153832257
stored,0.27820130153832257
printed,0.27820130153832257
desirable,0.27820130153832257
lying,0.27820130153832257
license,0.27820130153832257
extension,0.27820130153832257
master,0.27820130153832257
legal,0.27820130153832257
party,0.27820130153832257
effects,0.27820130153832257
cash,0.27820130153832257
especially,0.27820130153832257
variable,0.27820130153832257
note,0.27029612203120923
first,0.2700861703193317
security,0.2671514653517376
objective,0.2671514653517376
brief,0.2644079794059867
motion,0.2598521628701259
extended,0.2598521628701259
win,0.2598521628701259
runs,0.2598521628701259
standard,0.2598521628701259
rooms,0.2598521628701259
strong,0.2582006348316529
obvious,0.25622239481954734
pieces,0.25622239481954734
change,0.2528834935540327
found,0.2517347283501595
necessary,0.25080232735020813
contrast,0.25080232735020813
navy,0.25080232735020813
release,0.25080232735020813
gain,0.25080232735020813
species,0.25080232735020813
belong,0.25080232735020813
roy,0.25080232735020813
accompanied,0.25080232735020813
enormous,0.25080232735020813
innocent,0.25080232735020813
faculty,0.25080232735020813
comfortable,0.25080232735020813
average,0.24694875803421806
meet,0.24406829516886405
therefore,0.2434583530944496
confidence,0.24183365736744772
represented,0.24183365736744772
september,0.24183365736744772
possible,0.24004953557394626
opened,0.23928588528864903
times,0.23737930701806753
result,0.23635419160282212
someone,0.23471618959858373
although,0.23034528036068755
another,0.22413408026804693
appearance,0.22413408026804693
artist,0.22413408026804693
majority,0.22413408026804693
sample,0.22413408026804693
gives,0.22413408026804693
completion,0.22413408026804693
attempts,0.22413408026804674
newspapers,0.22413408026804674
forgotten,0.22413408026804674
processing,0.22413408026804674
reception,0.22413408026804674
aid,0.21664340853888914
instead,0.21250604227292771
new,0.21182623259345
follows,0.21106199870069395
start,0.21106199870069395
title,0.21106199870069395
united,0.20950477025208772
perfect,0.2067423375561776
ones,0.2067423375561776
hence,0.2067423375561776
effect,0.20517616652343257
population,0.20182832275374857
anywhere,0.19815859386478615
natural,0.19815859386478615
estimate,0.19815859386478615
furniture,0.19815859386478615
revealed,0.19815859386478615
introduction,0.19815859386478615
listening,0.19815859386478615
derived,0.19815859386478615
magazine,0.19815859386478615
maturity,0.19815859386478615
attractive,0.19815859386478615
claim,0.19304349319801573
concern,0.19304349319801573
second,0.1914336189571124
advance,0.18964790419687755
conclusion,0.18964790419687755
way,0.18597007732228898
procedure,0.18541956808735635
mentioned,0.18541956808735635
actual,0.1828911217339977
40,0.17284078588049623
conditions,0.17284078588049623
existed,0.17284078588049623
decide,0.17284078588049623
prominent,0.17284078588049623
find,0.17284078588049623
happens,0.17284078588049623
brings,0.17284078588049623
taken,0.16927571971600008
reading,0.16572331811163238
march,0.16454198306580106
director,0.16289045502732813
officer,0.16289045502732813
campaign,0.1604182658819391
lives,0.1604182658819391
immediate,0.1604182658819391
continuing,0.1563114839292856
prices,0.1563114839292856
travel,0.1563114839292856
possibly,0.1563114839292856
points,0.1516385782298933
history,0.1516385782298933
larger,0.14814817329012483
shift,0.14814817329012464
removal,0.14814817329012464
musicians,0.14814817329012464
match,0.14814817329012464
proposal,0.14814817329012464
rare,0.14814817329012464
continues,0.14814817329012464
virtually,0.14814817329012464
local,0.14466990891379994
interest,0.14206912721374257
fund,0.1400509630575053
library,0.1400509630575053
careful,0.1400509630575053
mark,0.1360268127577799
regular,0.1360268127577799
requirements,0.1360268127577799
speed,0.1360268127577799
prevent,0.1360268127577799
becomes,0.13362007272721504
several,0.12669962988264127
present,0.12669962988264127
service,0.12405062171106446
holds,0.12405062171106426
reduction,0.12405062171106426
argument,0.12405062171106426
sufficient,0.12405062171106426
replaced,0.12405062171106426
distinguished,0.12405062171106426
varying,0.12405062171106426
lots,0.12405062171106426
suggested,0.12405062171106426
varied,0.12405062171106426
stock,0.12405062171106426
take,0.12240993225360453
press,0.11614544220395094
agreement,0.11457187775652054
marked,0.11221616406406128
credit,0.10830226474292494
belief,0.10830226474292494
located,0.10830226474292494
primarily,0.10830226474292494
law,0.10718681565905941
serve,0.10518213740668161
heads,0.10052012430087023
previous,0.10052012430087023
lawyer,0.10052012430087023
raw,0.10052012430087023
explanation,0.10052012430087023
tour,0.10052012430087023
ships,0.10052012430087023
grown,0.10052012430087023
society,0.09840819109772654
hand,0.09819724288473047
price,0.09587974474436793
holding,0.09279807820695983
possibility,0.08895930189979427
story,0.08404528709736508
developments,0.07753060607617143
six,0.07753060607617143
amounts,0.07753060607617143
whether,0.07753060607617143
cover,0.07753060607617143
errors,0.07753060607617143
collected,0.07753060607617143
hans,0.07753060607617143
continuous,0.07753060607617143
agent,0.07753060607617143
make,0.0750085366434616
sometimes,0.07299545091078026
live,0.07186486854049395
growth,0.07105809157055398
thus,0.06462720124026344
ends,0.062492728711630995
occurred,0.062492728711630995
states,0.062492728711630995
center,0.059512100573493085
produced,0.055057750224112724
valuable,0.055057750224112724
appeared,0.055057750224112724
merely,0.055057750224112724
seven,0.05062315315624707
starting,0.047677642926490196
records,0.044007914037527816
size,0.03307884350533766
realize,0.03307884350533766
connection,0.03307884350533766
legislation,0.03307884350533744
doctrine,0.03307884350533744
centuries,0.03307884350533744
shares,0.03307884350533744
60,0.03307884350533744
loan,0.03307884350533744
equivalent,0.03307884350533744
basis,0.03307884350533744
precision,0.03307884350533744
relative,0.03307884350533744
authority,0.022267927401122007
naturally,0.018690106053238044
try,0.018690106053238044
box,0.018690106053238044
buy,0.018690106053238044
learned,0.01583703707083156
real,0.013508747311240481
three,0.013210640288612406
throughout,0.011572638284374112
sold,0.011572638284373894
considering,0.011572638284373894
british,0.007326347402922806
forth,0.004505471061281438
either,0.004505471061281438
giving,-0.009480770913458253
grand,-0.009480770913458253
charles,-0.009480770913458253
considerable,-0.009480770913458253
progress,-0.009480770913458366
command,-0.009480770913458366
john,-0.015020951289073735
case,-0.015020951289073735
opportunity,-0.017779573728153576
persons,-0.017779573728153576
follow,-0.019843557949004997
louis,-0.023274093045794194
impressive,-0.030100058116193998
partly,-0.030100058116193998
tendency,-0.030100058116193998
request,-0.030100058116193998
measures,-0.030100058116193998
hopes,-0.030100058116193998
done,-0.03166868588882057
fourth,-0.03687974510157276
william,-0.03687974510157276
selected,-0.03687974510157276
easy,-0.04227059373644931
time,-0.04905198353206085
noticed,-0.05030276543371346
planned,-0.05030276543371346
special,-0.05030276543371346
female,-0.05030276543371346
round,-0.05030276543371346
talking,-0.05030276543371346
issued,-0.05030276543371346
likely,-0.0569473081523821
memory,-0.06354799218373412
answer,-0.06354799218373412
seen,-0.06474344958850779
meaning,-0.06617611459000357
relations,-0.07010539272989315
uniform,-0.07010539272989315
october,-0.07010539272989315
supply,-0.07010539272989315
top,-0.07010539272989315
freedom,-0.07401929205102957
talk,-0.07662007375108684
george,-0.08180143249308448
gold,-0.08952347858699483
fair,-0.08952347858699483
general,-0.0975880384237252
interested,-0.09909292960314542
studied,-0.10226250436442451
keep,-0.10479095071778315
largest,-0.10857167355768933
august,-0.10857167355768933
loose,-0.10857167355768933
spend,-0.10857167355768933
percent,-0.10857167355768933
short,-0.10857167355768933
prove,-0.10857167355768933
handle,-0.10857167355768933
reason,-0.11899929671994834
event,-0.12726380656984182
republican,-0.12726380656984182
agreed,-0.12726380656984182
feel,-0.12726380656984182
thoughts,-0.12726380656984182
care,-0.12726380656984182
symbol,-0.12726380656984182
trained,-0.12726380656984182
forget,-0.12726380656984182
preparation,-0.12726380656984182
faced,-0.12726380656984182
third,-0.13254086367068554
received,-0.13341767214422
since,-0.13847289110456165
ten,-0.1395338991616562
yellow,-0.14561294523803836
martin,-0.14561294523803836
speak,-0.14561294523803836
sought,-0.14561294523803836
publication,-0.14561294523803836
huge,-0.14561294523803836
18,-0.14561294523803836
inner,-0.14561294523803836
joe,-0.14561294523803836
extent,-0.14561294523803836
minute,-0.14561294523803836
high,-0.14964520876597673
spread,-0.1516552596940011
slightly,-0.1516552596940011
give,-0.15594895456870037
nation,-0.15646296126210407
equipment,-0.15766128375421276
english,-0.1585163500739463
named,-0.16363145074071667
begin,-0.16363145074071667
appears,-0.16363145074071667
anyone,-0.16363145074071667
joined,-0.1636314507407168
vital,-0.1636314507407168
granted,-0.1636314507407168
minds,-0.1636314507407168
double,-0.1636314507407168
regarded,-0.1636314507407168
chinese,-0.1636314507407168
whole,-0.16687294466488772
hold,-0.16956618626053122
point,-0.1712553758513759
function,-0.1725203981579627
post,-0.17546590838771958
german,-0.17546590838771958
today,-0.17781608573267316
power,-0.18133102784011754
informed,-0.18133102784011754
birds,-0.18133102784011754
becoming,-0.18133102784011754
simply,-0.18133102784011754
justice,-0.18133102784011754
place,-0.18133102784011768
per,-0.18267964571141118
play,-0.1838341580582361
industrial,-0.18483365839131954
come,-0.1861043065927753
audience,-0.19006470780887222
true,-0.19440310940747046
every,-0.1946577243038172
avoid,-0.19872277055198673
lose,-0.19872277055198673
minor,-0.19872277055198673
black,-0.19872277055198673
million,-0.20363678535441576
account,-0.2073065142433783
plan,-0.20852677064860758
king,-0.2101514663756095
fall,-0.2124216149101487
tree,-0.21581720391128684
housing,-0.21581720391128684
europe,-0.21581720391128684
responsibility,-0.21581720391128684
drop,-0.21581720391128684
tension,-0.21581720391128684
headed,-0.21581720391128684
class,-0.21823558477556843
around,-0.21848981129276338
armed,-0.23262432222766807
chemical,-0.23262432222766807
balance,-0.2326243222276682
purposes,-0.2326243222276682
dance,-0.2326243222276682
run,-0.24210306618221197
base,-0.24367415841425305
civil,-0.24367415841425305
thought,-0.24625647101772563
words,-0.24733046961736369
european,-0.24915362417887862
showing,-0.24915362417887862
boston,-0.24915362417887862
feelings,-0.24915362417887862
minister,-0.24915362417887862
recently,-0.2573169348180395
annual,-0.2654141450506589
values,-0.2654141450506589
save,-0.2654141450506591
wilson,-0.2654141450506591
officials,-0.2654141450506591
greatly,-0.2654141450506591
speaking,-0.2654141450506591
began,-0.27184503538094945
shows,-0.276109434167407
though,-0.27914433786256104
highest,-0.28141448639710015
dramatic,-0.28141448639710015
happen,-0.28141448639710015
placed,-0.28141448639710015
broken,-0.28141448639710015
office,-0.2932489440441029
small,-0.2934795979489428
accepted,-0.2971628433652391
dream,-0.2971628433652393
explain,-0.2971628433652393
us,-0.3016171937146195
direct,-0.3049449838072942
mind,-0.3126670299012045
join,-0.31266702990120465
rapidly,-0.31266702990120465
supposed,-0.31266702990120465
object,-0.31266702990120465
getting,-0.32185545595561077
substantial,-0.327934502031993
experiments,-0.327934502031993
association,-0.327934502031993
forest,-0.327934502031993
chair,-0.327934502031993
cutting,-0.327934502031993
army,-0.327934502031993
july,-0.327934502031993
significance,-0.327934502031993
sales,-0.3354817076673759
meant,-0.33798483788549444
places,-0.33798483788549444
sides,-0.33798483788549444
things,-0.34161460593607323
direction,-0.34297237939653347
asking,-0.34297237939653347
aside,-0.34297237939653347
sit,-0.34297237939653347
york,-0.34462938060416304
areas,-0.3493485965358095
policies,-0.3577874651816741
won,-0.3577874651816741
news,-0.3577874651816741
board,-0.3619803434417101
move,-0.3636525846340722
basic,-0.3636525846340722
word,-0.36511350527374714
record,-0.36511350527374714
makes,-0.36948350494486537
followed,-0.36948350494486537
two,-0.3706172919143921
fashion,-0.3723862646028268
willing,-0.3723862646028268
lost,-0.3752806226291913
death,-0.3760029050730153
despite,-0.3772055510387756
kind,-0.3804055537694466
hours,-0.38104432734594135
read,-0.38104432734594135
rate,-0.38200172330226884
see,-0.3893690372319731
federal,-0.39084832744256215
brown,-0.3924730231695642
scene,-0.39625374600947016
april,-0.4009596370468828
factor,-0.4009596370468828
carrying,-0.4009596370468828
du,-0.4009596370468828
proved,-0.4009596370468828
continue,-0.4056434863593092
division,-0.4056434863593092
late,-0.40937483397216734
attention,-0.40937483397216734
long,-0.4096408267919296
detail,-0.4149458790216227
plus,-0.4149458790216227
faces,-0.4149458790216227
distance,-0.4149458790216227
brought,-0.41890628023771953
sent,-0.42186632186619644
deep,-0.42416253412654675
without,-0.42702540467622385
brother,-0.42873920115395864
discovered,-0.42873920115395864
nevertheless,-0.42873920115395864
chapter,-0.42873920115395864
completely,-0.4332950176898194
question,-0.4345928764054192
following,-0.4378301728552104
rich,-0.4423448532097372
pool,-0.4423448532097372
store,-0.4423448532097372
expressed,-0.4557678735418778
national,-0.4557678735418778
vote,-0.4557678735418778
must,-0.45626157880986706
operation,-0.4602024706097436
born,-0.4602024706097436
choice,-0.4602024706097436
money,-0.4652466174964216
latter,-0.4690131002918984
watching,-0.4690131002918986
hearing,-0.4690131002918986
finally,-0.47426245617804225
forward,-0.47774678026065315
days,-0.4794844001591938
love,-0.48208518185925137
election,-0.48208518185925137
turn,-0.49070592490315834
mission,-0.49498858669515916
property,-0.49498858669515916
certain,-0.49818858942583
middle,-0.5034992763630678
children,-0.5063201527047092
maximum,-0.5077276124725889
reduced,-0.5077276124725889
sam,-0.5077276124725889
chief,-0.5119381450089325
job,-0.5119381450089325
asked,-0.5152938528559049
explained,-0.5203063946794491
index,-0.5327289146780062
subjects,-0.5327289146780062
forced,-0.5327289146780062
nine,-0.5327289146780062
watch,-0.5327289146780062
opposite,-0.5327289146780062
daily,-0.5368356966306597
five,-0.541508602330052
became,-0.5449990072698204
running,-0.5449990072698204
train,-0.5449990072698206
crisis,-0.5449990072698206
bar,-0.5449990072698206
manner,-0.55309621750244
bank,-0.5571203678021655
opening,-0.5571203678021655
governor,-0.5571203678021655
thing,-0.5601278888661205
always,-0.560400851881327
impossible,-0.5690965588488811
name,-0.5690965588488811
circumstances,-0.5690965588488811
lot,-0.5770017383559943
shape,-0.5809310164958841
ask,-0.5848449158170204
toward,-0.5900397326941242
died,-0.5926270562590751
philosophy,-0.5926270562590751
loss,-0.5926270562590751
added,-0.5926270562590751
even,-0.6003491023529854
inside,-0.604187878660151
units,-0.604187878660151
battle,-0.604187878660151
carefully,-0.604187878660151
finished,-0.604187878660151
land,-0.6064840909205013
stage,-0.6099185533691361
add,-0.6156165744837738
laws,-0.6156165744837738
pass,-0.6269161297377073
life,-0.6311207610197391
concerned,-0.6380894303358325
years,-0.6433664874366762
moved,-0.6436296107114479
condition,-0.6491392665224175
already,-0.6491392665224175
entirely,-0.6491392665224175
body,-0.6600683370546077
area,-0.6662603073025288
expected,-0.6762411963002086
statement,-0.6815745422755712
showed,-0.6815745422755712
sign,-0.6815745422755715
bad,-0.6886417094986639
girls,-0.6886417094986639
american,-0.6904007249038434
sea,-0.6921566516061083
funds,-0.6921566516061083
bill,-0.6956592821573103
room,-0.7026279514734035
opinion,-0.7026279514734035
think,-0.7049400912317831
position,-0.7067859616220674
letter,-0.7095483943179774
hour,-0.7095483943179774
materials,-0.7129907385089503
dollars,-0.7129907385089503
status,-0.7129907385089503
earlier,-0.7164212736057395
alone,-0.7181321380093689
least,-0.7232472386761394
moment,-0.7273205640637751
mean,-0.7384374041701146
soon,-0.7384374041701146
believe,-0.7434499459936588
raised,-0.753400276846827
playing,-0.753400276846827
james,-0.753400276846827
10,-0.7566951727436795
suddenly,-0.7632525732898385
perhaps,-0.7665152189246548
matter,-0.7697672543110322
council,-0.7730087482352033
covered,-0.7826706591469401
played,-0.7826706591469401
eight,-0.7826706591469401
paper,-0.789060457245711
face,-0.8017188541176347
will,-0.810218122458499
determine,-0.8111085944674735
cities,-0.8111085944674735
made,-0.8124428174806102
good,-0.8154604819699307
country,-0.8204109871297871
trying,-0.8265648527041654
rest,-0.8265648527041654
democratic,-0.8296276422347111
put,-0.831918593981267
want,-0.8326810797216015
upon,-0.8387601257979835
young,-0.8387601257979836
actually,-0.8448024402539464
defense,-0.8508084643141581
right,-0.8518966037033535
committee,-0.856778631300662
might,-0.856778631300662
30,-0.8567786313006621
past,-0.8603436974651582
department,-0.8612329816500423
next,-0.8618677008081332
staff,-0.865667578717908
voice,-0.865667578717908
poor,-0.865667578717908
look,-0.8744782084000629
against,-0.8744782084000629
feeling,-0.8803091287108561
nuclear,-0.8832118883688175
force,-0.8832118883688175
returned,-0.8832118883688175
full,-0.8832118883688175
show,-0.8849495082673583
looking,-0.8861062463951821
war,-0.891869951111932
forces,-0.897600625820917
character,-0.9089643844712322
image,-0.9174032531170968
spirit,-0.9368213389741984
eye,-0.9423008047388239
immediately,-0.9504641153779848
ground,-0.9585613256106043
state,-0.9598012513739248
fire,-0.9639232687519896
carried,-0.9665934973078685
go,-0.9681922186715657
spring,-0.9824668464641586
fear,-0.9824668464641586
longer,-0.9955048408022885
still,-1.0083750313228235
met,-1.0210816825919382
lines,-1.0210816825919382
table,-1.0210816825919382
going,-1.0286288882273211
continued,-1.0286288882273211
maybe,-1.0286288882273211
trial,-1.0361195599564788
car,-1.0582606858336925
western,-1.0582606858336925
came,-1.0671424559684728
nearly,-1.0870396503837356
military,-1.0894009265694153
took,-1.0941068176068283
ready,-1.1011243902654748
big,-1.1080930595815681
hands,-1.1115592675580543
food,-1.1287123467843037
line,-1.1422260659510266
earth,-1.1489150541018232
wanted,-1.153349651169689
side,-1.1647884032581133
hear,-1.168717681398003
close,-1.1881357672551045
passed,-1.1945255653538756
floor,-1.2008747930325343
foreign,-1.2008747930325343
wall,-1.2134535752393945
back,-1.2196841249900305
fine,-1.2196841249900305
picture,-1.2258760952379515
friends,-1.2258760952379515
end,-1.235704184174214
sort,-1.238146187829766
son,-1.2442252339061481
river,-1.2442252339061481
yet,-1.25985994805355
head,-1.27172248336337
tried,-1.2740781970558293
air,-1.2818907367926229
coming,-1.2973350592200963
nations,-1.3030657339290814
now,-1.3042079385078584
else,-1.3087637550437192
held,-1.3087637550437192
period,-1.3125444778836253
along,-1.3172503689210378
fact,-1.324547622744981
little,-1.3568321580847416
everything,-1.3586355850838923
much,-1.3715251298098892
year,-1.3747217228355164
months,-1.3800267750652098
great,-1.3853038321660536
president,-1.3905531880521973
left,-1.395775132033349
living,-1.4061379190688956
women,-1.4112793185693142
minutes,-1.4163944192360847
city,-1.4189421913148834
road,-1.421483488743556
red,-1.421483488743556
near,-1.4265467907001028
say,-1.444565296202781
washington,-1.4661559287951487
home,-1.5264378305533934
front,-1.5364424615233203
away,-1.5676253889600082
seem,-1.572001763559807
day,-1.5720017635598071
church,-1.5850171316718773
west,-1.5978652741497263
boy,-1.627217486162254
ago,-1.64361129593793
heard,-1.6476680966335446
whose,-1.6637326991373513
let,-1.6834572044851297
seems,-1.6951078217051052
last,-1.7381821041743764
really,-1.7550508576721386
week,-1.7550508576721386
told,-1.756262244858436
anything,-1.7730693631748171
quite,-1.7766344293393133
gave,-1.790768940274218
enough,-1.7965998605850113
something,-1.8420622346617683
turned,-1.9066007557993396
family,-1.9403981353826303
light,-1.946422249986011
seemed,-1.946422249986011
went,-1.9613256554885863
house,-2.114630669303501
eyes,-2.1322411873121365
far,-2.192719106274938
old,-2.2265684917490893
never,-2.279600062657927
course,-2.280317165592924
said,-2.333195225082023
man,-2.8287078729949346
